Longitude (x),Latitude (y),Station Name,Climate ID,Date/Time (LST),Year,Month,Day,Time (LST),Temp (°C),Temp Flag,Dew Point Temp (°C),Dew Point Temp Flag,Rel Hum (%),Rel Hum Flag,Precip. Amount (mm),Precip. Amount Flag,Wind Dir (10s deg),Wind Dir Flag,Wind Spd (km/h),Wind Spd Flag,Visibility (km),Visibility Flag,Stn Press (kPa),Stn Press Flag,Hmdx,Hmdx Flag,Wind Chill,Wind Chill Flag,Weather
-80.22,43.55,GUELPH TURFGRASS,6143089,2020-12-01 0:00,2020,12,1,0:00,-0.7,,-1.7,,93,,,,35,,12,,,,,,,,-5,,NA
-80.22,43.55,GUELPH TURFGRASS,6143089,2020-12-01 1:00,2020,12,1,1:00,-1,,-1.8,,95,,,,35,,16,,,,,,,,-6,,NA
-80.22,43.55,GUELPH TURFGRASS,6143089,2020-12-01 2:00,2020,12,1,2:00,-1.2,,-2,,94,,,,35,,15,,,,,,,,-6,,NA
-80.22,43.55,GUELPH TURFGRASS,6143089,2020-12-01 3:00,2020,12,1,3:00,-1.6,,-2.3,,95,,,,36,,16,,,,,,,,-7,,NA
-80.22,43.55,GUELPH TURFGRASS,6143089,2020-12-01 4:00,2020,12,1,4:00,-1.8,,-2.4,,95,,,,35,,12,,,,,,,,-6,,NA
-80.22,43.55,GUELPH TURFGRASS,6143089,2020-12-01 5:00,2020,12,1,5:00,-1.9,,-2.5,,96,,,,35,,12,,,,,,,,-6,,NA
-80.22,43.55,GUELPH TURFGRASS,6143089,2020-12-01 6:00,2020,12,1,6:00,-2.2,,-2.7,,96,,,,36,,15,,,,,,,,-7,,NA
-80.22,43.55,GUELPH TURFGRASS,6143089,2020-12-01 7:00,2020,12,1,7:00,-1.9,,-3.3,,90,,,,36,,16,,,,,,,,-7,,NA
-80.22,43.55,GUELPH TURFGRASS,6143089,2020-12-01 8:00,2020,12,1,8:00,-2.1,,-3.3,,91,,,,36,,15,,,,,,,,-7,,NA
-80.22,43.55,GUELPH TURFGRASS,6143089,2020-12-01 9:00,2020,12,1,9:00,-1.7,,-3.3,,89,,,,36,,15,,,,,,,,-7,,NA
-80.22,43.55,GUELPH TURFGRASS,6143089,2020-12-01 10:00,2020,12,1,10:00,-2,,-3.1,,92,,,,35,,15,,,,,,,,-7,,NA
-80.22,43.55,GUELPH TURFGRASS,6143089,2020-12-01 11:00,2020,12,1,11:00,-1.8,,-2.7,,94,,,,34,,9,,,,,,,,-5,,NA
-80.22,43.55,GUELPH TURFGRASS,6143089,2020-12-01 12:00,2020,12,1,12:00,-1.5,,-2.5,,93,,,,34,,11,,,,,,,,-5,,NA
-80.22,43.55,GUELPH TURFGRASS,6143089,2020-12-01 13:00,2020,12,1,13:00,-1.4,,-2.6,,91,,,,34,,13,,,,,,,,-6,,NA
-80.22,43.55,GUELPH TURFGRASS,6143089,2020-12-01 14:00,2020,12,1,14:00,-1.2,,-2.8,,89,,,,33,,16,,,,,,,,-6,,NA
-80.22,43.55,GUELPH TURFGRASS,6143089,2020-12-01 15:00,2020,12,1,15:00,-1.1,,-2.4,,90,,,,33,,15,,,,,,,,-6,,NA
-80.22,43.55,GUELPH TURFGRASS,6143089,2020-12-01 16:00,2020,12,1,16:00,-1,,-3.4,,84,,,,32,,18,,,,,,,,-6,,NA
-80.22,43.55,GUELPH TURFGRASS,6143089,2020-12-01 17:00,2020,12,1,17:00,-1.8,,-2.9,,92,,,,31,,15,,,,,,,,-7,,NA
-80.22,43.55,GUELPH TURFGRASS,6143089,2020-12-01 18:00,2020,12,1,18:00,-1.6,,-3.5,,86,,,,32,,19,,,,,,,,-7,,NA
-80.22,43.55,GUELPH TURFGRASS,6143089,2020-12-01 19:00,2020,12,1,19:00,-1.8,,-3.6,,87,,,,32,,20,,,,,,,,-8,,NA
-80.22,43.55,GUELPH TURFGRASS,6143089,2020-12-01 20:00,2020,12,1,20:00,-1.7,,-3.4,,89,,,,31,,19,,,,,,,,-7,,NA
-80.22,43.55,GUELPH TURFGRASS,6143089,2020-12-01 21:00,2020,12,1,21:00,-2,,-3.2,,92,,,,31,,17,,,,,,,,-7,,NA
-80.22,43.55,GUELPH TURFGRASS,6143089,2020-12-01 22:00,2020,12,1,22:00,-1.7,,-3.3,,88,,,,30,,22,,,,,,,,-8,,NA
-80.22,43.55,GUELPH TURFGRASS,6143089,2020-12-01 23:00,2020,12,1,23:00,-2.2,,-3.4,,91,,,,30,,19,,,,,,,,-8,,NA
-80.22,43.55,GUELPH TURFGRASS,6143089,2020-12-02 0:00,2020,12,2,0:00,-2.2,,-4,,87,,,,30,,20,,,,,,,,-8,,NA
-80.22,43.55,GUELPH TURFGRASS,6143089,2020-12-02 1:00,2020,12,2,1:00,-2.3,,-3.7,,90,,,,31,,19,,,,,,,,-8,,NA
-80.22,43.55,GUELPH TURFGRASS,6143089,2020-12-02 2:00,2020,12,2,2:00,-2.1,,-3.9,,87,,,,30,,19,,,,,,,,-8,,NA
-80.22,43.55,GUELPH TURFGRASS,6143089,2020-12-02 3:00,2020,12,2,3:00,-2.2,,-4.2,,86,,,,31,,22,,,,,,,,-8,,NA
-80.22,43.55,GUELPH TURFGRASS,6143089,2020-12-02 4:00,2020,12,2,4:00,-2.4,,-4.6,,85,,,,30,,24,,,,,,,,-9,,NA
-80.22,43.55,GUELPH TURFGRASS,6143089,2020-12-02 5:00,2020,12,2,5:00,-2.4,,-4.8,,83,,,,30,,24,,,,,,,,-9,,NA
-80.22,43.55,GUELPH TURFGRASS,6143089,2020-12-02 6:00,2020,12,2,6:00,-2.2,,-4.8,,82,,,,30,,24,,,,,,,,-9,,NA
-80.22,43.55,GUELPH TURFGRASS,6143089,2020-12-02 7:00,2020,12,2,7:00,-2.3,,-5.5,,79,,,,30,,23,,,,,,,,-9,,NA
-80.22,43.55,GUELPH TURFGRASS,6143089,2020-12-02 8:00,2020,12,2,8:00,-3.3,,-6.5,,79,,,,29,,19,,,,,,,,-9,,NA
-80.22,43.55,GUELPH TURFGRASS,6143089,2020-12-02 9:00,2020,12,2,9:00,-2.6,,-6,,77,,,,29,,16,,,,,,,,-8,,NA
-80.22,43.55,GUELPH TURFGRASS,6143089,2020-12-02 10:00,2020,12,2,10:00,-1.1,,-5.7,,71,,,,29,,17,,,,,,,,-6,,NA
-80.22,43.55,GUELPH TURFGRASS,6143089,2020-12-02 11:00,2020,12,2,11:00,0.5,,-5.3,,65,,,,30,,24,,,,,,,,,,NA
-80.22,43.55,GUELPH TURFGRASS,6143089,2020-12-02 12:00,2020,12,2,12:00,1.6,,-4.5,,64,,4.4,,29,,24,,,,,,,,,,NA
-80.22,43.55,GUELPH TURFGRASS,6143089,2020-12-02 13:00,2020,12,2,13:00,2.1,,-4.2,,63,,0.6,,29,,23,,,,,,,,,,NA
-80.22,43.55,GUELPH TURFGRASS,6143089,2020-12-02 14:00,2020,12,2,14:00,2.8,,-4.6,,58,,0.2,,28,,21,,,,,,,,,,NA
-80.22,43.55,GUELPH TURFGRASS,6143089,2020-12-02 15:00,2020,12,2,15:00,2.8,,-3.5,,63,,0.2,,29,,22,,,,,,,,,,NA
-80.22,43.55,GUELPH TURFGRASS,6143089,2020-12-02 16:00,2020,12,2,16:00,2.2,,-3.1,,68,,0.2,,29,,19,,,,,,,,,,NA
-80.22,43.55,GUELPH TURFGRASS,6143089,2020-12-02 17:00,2020,12,2,17:00,1.1,,-4.1,,69,,0,,27,,15,,,,,,,,,,NA
-80.22,43.55,GUELPH TURFGRASS,6143089,2020-12-02 18:00,2020,12,2,18:00,0.3,,-4.1,,72,,,,26,,14,,,,,,,,,,NA
-80.22,43.55,GUELPH TURFGRASS,6143089,2020-12-02 19:00,2020,12,2,19:00,-0.5,,-4.2,,76,,,,24,,10,,,,,,,,-4,,NA
-80.22,43.55,GUELPH TURFGRASS,6143089,2020-12-02 20:00,2020,12,2,20:00,-0.7,,-4.6,,75,,,,25,,10,,,,,,,,-4,,NA
-80.22,43.55,GUELPH TURFGRASS,6143089,2020-12-02 21:00,2020,12,2,21:00,-0.6,,-5.6,,69,,,,23,,9,,,,,,,,-4,,NA
-80.22,43.55,GUELPH TURFGRASS,6143089,2020-12-02 22:00,2020,12,2,22:00,-0.7,,-5.9,,68,,,,23,,13,,,,,,,,-5,,NA
-80.22,43.55,GUELPH TURFGRASS,6143089,2020-12-02 23:00,2020,12,2,23:00,-1.1,,-5.7,,71,,,,24,,12,,,,,,,,-5,,NA
-80.22,43.55,GUELPH TURFGRASS,6143089,2020-12-03 0:00,2020,12,3,0:00,-1.5,,-5.8,,72,,,,24,,9,,,,,,,,-5,,NA
-80.22,43.55,GUELPH TURFGRASS,6143089,2020-12-03 1:00,2020,12,3,1:00,-0.6,,-5.8,,68,,,,24,,10,,,,,,,,-4,,NA
-80.22,43.55,GUELPH TURFGRASS,6143089,2020-12-03 2:00,2020,12,3,2:00,-1,,-5.9,,69,,,,24,,10,,,,,,,,-5,,NA
-80.22,43.55,GUELPH TURFGRASS,6143089,2020-12-03 3:00,2020,12,3,3:00,-1,,-6.5,,66,,,,24,,10,,,,,,,,-5,,NA
-80.22,43.55,GUELPH TURFGRASS,6143089,2020-12-03 4:00,2020,12,3,4:00,-1.2,,-6.7,,66,,,,23,,11,,,,,,,,-5,,NA
-80.22,43.55,GUELPH TURFGRASS,6143089,2020-12-03 5:00,2020,12,3,5:00,-1.5,,-6.8,,67,,,,24,,13,,,,,,,,-6,,NA
-80.22,43.55,GUELPH TURFGRASS,6143089,2020-12-03 6:00,2020,12,3,6:00,-1.6,,-6.4,,70,,,,24,,11,,,,,,,,-5,,NA
-80.22,43.55,GUELPH TURFGRASS,6143089,2020-12-03 7:00,2020,12,3,7:00,-1.8,,-5.9,,73,,,,24,,12,,,,,,,,-6,,NA
-80.22,43.55,GUELPH TURFGRASS,6143089,2020-12-03 8:00,2020,12,3,8:00,-2.1,,-5.8,,76,,,,23,,14,,,,,,,,-7,,NA
-80.22,43.55,GUELPH TURFGRASS,6143089,2020-12-03 9:00,2020,12,3,9:00,-1.2,,-5.5,,72,,,,23,,15,,,,,,,,-6,,NA
-80.22,43.55,GUELPH TURFGRASS,6143089,2020-12-03 10:00,2020,12,3,10:00,0,,-4.8,,70,,,,24,,14,,,,,,,,-4,,NA
-80.22,43.55,GUELPH TURFGRASS,6143089,2020-12-03 11:00,2020,12,3,11:00,1.6,,-4.4,,65,,0,,23,,15,,,,,,,,,,NA
-80.22,43.55,GUELPH TURFGRASS,6143089,2020-12-03 12:00,2020,12,3,12:00,2.2,,-4,,64,,0,,23,,18,,,,,,,,,,NA
-80.22,43.55,GUELPH TURFGRASS,6143089,2020-12-03 13:00,2020,12,3,13:00,2.6,,-3.4,,65,,0,,24,,17,,,,,,,,,,NA
-80.22,43.55,GUELPH TURFGRASS,6143089,2020-12-03 14:00,2020,12,3,14:00,2.4,,-3,,68,,0,,25,,17,,,,,,,,,,NA
-80.22,43.55,GUELPH TURFGRASS,6143089,2020-12-03 15:00,2020,12,3,15:00,2.2,,-2.9,,69,,0,,23,,13,,,,,,,,,,NA
-80.22,43.55,GUELPH TURFGRASS,6143089,2020-12-03 16:00,2020,12,3,16:00,2.2,,-3.8,,64,,0,,23,,12,,,,,,,,,,NA
-80.22,43.55,GUELPH TURFGRASS,6143089,2020-12-03 17:00,2020,12,3,17:00,1.8,,-3.8,,66,,0,,23,,9,,,,,,,,,,NA
-80.22,43.55,GUELPH TURFGRASS,6143089,2020-12-03 18:00,2020,12,3,18:00,1.9,,-3.5,,68,,0,,22,,11,,,,,,,,,,NA
-80.22,43.55,GUELPH TURFGRASS,6143089,2020-12-03 19:00,2020,12,3,19:00,2,,-3.2,,69,,0,,23,,16,,,,,,,,,,NA
-80.22,43.55,GUELPH TURFGRASS,6143089,2020-12-03 20:00,2020,12,3,20:00,1.8,,-2.8,,71,,0,,23,,12,,,,,,,,,,NA
-80.22,43.55,GUELPH TURFGRASS,6143089,2020-12-03 21:00,2020,12,3,21:00,1.7,,-2.8,,72,,0,,23,,15,,,,,,,,,,NA
-80.22,43.55,GUELPH TURFGRASS,6143089,2020-12-03 22:00,2020,12,3,22:00,1.8,,-2.4,,74,,0,,23,,14,,,,,,,,,,NA
-80.22,43.55,GUELPH TURFGRASS,6143089,2020-12-03 23:00,2020,12,3,23:00,1.6,,-2.3,,75,,0,,23,,14,,,,,,,,,,NA
-80.22,43.55,GUELPH TURFGRASS,6143089,2020-12-04 0:00,2020,12,4,0:00,1.7,,-2.3,,75,,0,,22,,14,,,,,,,,,,NA
-80.22,43.55,GUELPH TURFGRASS,6143089,2020-12-04 1:00,2020,12,4,1:00,1.6,,-2.4,,75,,0,,23,,13,,,,,,,,,,NA
-80.22,43.55,GUELPH TURFGRASS,6143089,2020-12-04 2:00,2020,12,4,2:00,1.5,,-1.5,,80,,0,,23,,15,,,,,,,,,,NA
-80.22,43.55,GUELPH TURFGRASS,6143089,2020-12-04 3:00,2020,12,4,3:00,1.2,,-0.7,,87,,0,,23,,14,,,,,,,,,,NA
-80.22,43.55,GUELPH TURFGRASS,6143089,2020-12-04 4:00,2020,12,4,4:00,1,,-0.8,,87,,0,,23,,16,,,,,,,,,,NA
-80.22,43.55,GUELPH TURFGRASS,6143089,2020-12-04 5:00,2020,12,4,5:00,0.6,,-0.5,,92,,0,,23,,14,,,,,,,,,,NA
-80.22,43.55,GUELPH TURFGRASS,6143089,2020-12-04 6:00,2020,12,4,6:00,0.9,,-1.1,,87,,0,,23,,12,,,,,,,,,,NA
-80.22,43.55,GUELPH TURFGRASS,6143089,2020-12-04 7:00,2020,12,4,7:00,0.9,,-1.3,,85,,0,,23,,12,,,,,,,,,,NA
-80.22,43.55,GUELPH TURFGRASS,6143089,2020-12-04 8:00,2020,12,4,8:00,0.4,,-0.5,,94,,,,23,,14,,,,,,,,,,NA
-80.22,43.55,GUELPH TURFGRASS,6143089,2020-12-04 9:00,2020,12,4,9:00,0.2,,-0.1,,98,,,,22,,12,,,,,,,,,,NA
-80.22,43.55,GUELPH TURFGRASS,6143089,2020-12-04 10:00,2020,12,4,10:00,0.3,,0,,97,,,,23,,13,,,,,,,,,,NA
-80.22,43.55,GUELPH TURFGRASS,6143089,2020-12-04 11:00,2020,12,4,11:00,0.6,,-0.1,,95,,0.8,,23,,12,,,,,,,,,,NA
-80.22,43.55,GUELPH TURFGRASS,6143089,2020-12-04 12:00,2020,12,4,12:00,0.8,,0,,95,,0.8,,23,,14,,,,,,,,,,NA
-80.22,43.55,GUELPH TURFGRASS,6143089,2020-12-04 13:00,2020,12,4,13:00,1.1,,0.1,,93,,0.4,,24,,14,,,,,,,,,,NA
-80.22,43.55,GUELPH TURFGRASS,6143089,2020-12-04 14:00,2020,12,4,14:00,1.3,,0,,91,,0,,24,,12,,,,,,,,,,NA
-80.22,43.55,GUELPH TURFGRASS,6143089,2020-12-04 15:00,2020,12,4,15:00,1.3,,-0.1,,91,,0,,24,,12,,,,,,,,,,NA
-80.22,43.55,GUELPH TURFGRASS,6143089,2020-12-04 16:00,2020,12,4,16:00,1.2,,0.1,,92,,0,,25,,9,,,,,,,,,,NA
-80.22,43.55,GUELPH TURFGRASS,6143089,2020-12-04 17:00,2020,12,4,17:00,1.2,,0.3,,94,,0,,23,,7,,,,,,,,,,NA
-80.22,43.55,GUELPH TURFGRASS,6143089,2020-12-04 18:00,2020,12,4,18:00,1.1,,0.4,,95,,0,,23,,5,,,,,,,,,,NA
-80.22,43.55,GUELPH TURFGRASS,6143089,2020-12-04 19:00,2020,12,4,19:00,1.1,,0.4,,95,,0,,24,,5,,,,,,,,,,NA
-80.22,43.55,GUELPH TURFGRASS,6143089,2020-12-04 20:00,2020,12,4,20:00,0.8,,0.2,,95,,0,,22,,5,,,,,,,,,,NA
-80.22,43.55,GUELPH TURFGRASS,6143089,2020-12-04 21:00,2020,12,4,21:00,0.5,,-0.2,,96,,,,25,,2,,,,,,,,,,NA
-80.22,43.55,GUELPH TURFGRASS,6143089,2020-12-04 22:00,2020,12,4,22:00,0.4,,0.1,,97,,,,25,,2,,,,,,,,,,NA
-80.22,43.55,GUELPH TURFGRASS,6143089,2020-12-04 23:00,2020,12,4,23:00,0.3,,-0.2,,97,,,,25,,4,,,,,,,,,,NA
-80.22,43.55,GUELPH TURFGRASS,6143089,2020-12-05 0:00,2020,12,5,0:00,0.8,,-0.4,,92,,0,,28,,7,,,,,,,,,,NA
-80.22,43.55,GUELPH TURFGRASS,6143089,2020-12-05 1:00,2020,12,5,1:00,0.4,,-0.5,,94,,,,28,,5,,,,,,,,,,NA
-80.22,43.55,GUELPH TURFGRASS,6143089,2020-12-05 2:00,2020,12,5,2:00,0.2,,-0.5,,95,,,,30,,5,,,,,,,,,,NA
-80.22,43.55,GUELPH TURFGRASS,6143089,2020-12-05 3:00,2020,12,5,3:00,0.1,,-1.2,,91,,,,33,,8,,,,,,,,,,NA
-80.22,43.55,GUELPH TURFGRASS,6143089,2020-12-05 4:00,2020,12,5,4:00,-1.1,,-2.3,,92,,,,33,,7,,,,,,,,-4,,NA
-80.22,43.55,GUELPH TURFGRASS,6143089,2020-12-05 5:00,2020,12,5,5:00,-1,,-2.4,,91,,,,35,,6,,,,,,,,-3,,NA
-80.22,43.55,GUELPH TURFGRASS,6143089,2020-12-05 6:00,2020,12,5,6:00,-0.7,,-2.6,,87,,,,34,,10,,,,,,,,-4,,NA
-80.22,43.55,GUELPH TURFGRASS,6143089,2020-12-05 7:00,2020,12,5,7:00,-1.3,,-3.3,,86,,,,35,,11,,,,,,,,-5,,NA
-80.22,43.55,GUELPH TURFGRASS,6143089,2020-12-05 8:00,2020,12,5,8:00,-0.9,,-3,,85,,,,35,,14,,,,,,,,-5,,NA
-80.22,43.55,GUELPH TURFGRASS,6143089,2020-12-05 9:00,2020,12,5,9:00,-0.7,,-3,,84,,,,35,,14,,,,,,,,-5,,NA
-80.22,43.55,GUELPH TURFGRASS,6143089,2020-12-05 10:00,2020,12,5,10:00,-0.9,,-3.4,,83,,,,33,,12,,,,,,,,-5,,NA
-80.22,43.55,GUELPH TURFGRASS,6143089,2020-12-05 11:00,2020,12,5,11:00,-1.4,,-3.5,,86,,,,33,,15,,,,,,,,-6,,NA
-80.22,43.55,GUELPH TURFGRASS,6143089,2020-12-05 12:00,2020,12,5,12:00,-1.7,,-3.9,,85,,,,33,,15,,,,,,,,-7,,NA
-80.22,43.55,GUELPH TURFGRASS,6143089,2020-12-05 13:00,2020,12,5,13:00,-1.6,,-4.3,,81,,,,33,,15,,,,,,,,-6,,NA
-80.22,43.55,GUELPH TURFGRASS,6143089,2020-12-05 14:00,2020,12,5,14:00,-1.9,,-4.6,,81,,,,34,,18,,,,,,,,-7,,NA
-80.22,43.55,GUELPH TURFGRASS,6143089,2020-12-05 15:00,2020,12,5,15:00,-2.4,,-4.6,,85,,,,33,,12,,,,,,,,-7,,NA
-80.22,43.55,GUELPH TURFGRASS,6143089,2020-12-05 16:00,2020,12,5,16:00,-3.2,,-5.1,,87,,,,33,,15,,,,,,,,-8,,NA
-80.22,43.55,GUELPH TURFGRASS,6143089,2020-12-05 17:00,2020,12,5,17:00,-3.6,,-5.3,,88,,,,32,,15,,,,,,,,-9,,NA
-80.22,43.55,GUELPH TURFGRASS,6143089,2020-12-05 18:00,2020,12,5,18:00,-4.1,,-5.6,,89,,,,32,,15,,,,,,,,-9,,NA
-80.22,43.55,GUELPH TURFGRASS,6143089,2020-12-05 19:00,2020,12,5,19:00,-4.2,,-6,,87,,,,34,,16,,,,,,,,-10,,NA
-80.22,43.55,GUELPH TURFGRASS,6143089,2020-12-05 20:00,2020,12,5,20:00,-3.9,,-6.1,,85,,,,36,,13,,,,,,,,-9,,NA
-80.22,43.55,GUELPH TURFGRASS,6143089,2020-12-05 21:00,2020,12,5,21:00,-3.6,,-5.9,,84,,,,35,,16,,,,,,,,-9,,NA
-80.22,43.55,GUELPH TURFGRASS,6143089,2020-12-05 22:00,2020,12,5,22:00,-3.4,,-5.5,,85,,,,35,,9,,,,,,,,-7,,NA
-80.22,43.55,GUELPH TURFGRASS,6143089,2020-12-05 23:00,2020,12,5,23:00,-3.4,,-6.4,,80,,,,36,,12,,,,,,,,-8,,NA
-80.22,43.55,GUELPH TURFGRASS,6143089,2020-12-06 0:00,2020,12,6,0:00,-3.3,,-6.1,,81,,,,35,,8,,,,,,,,-7,,NA
-80.22,43.55,GUELPH TURFGRASS,6143089,2020-12-06 1:00,2020,12,6,1:00,-3.5,,-6.6,,79,,,,34,,10,,,,,,,,-7,,NA
-80.22,43.55,GUELPH TURFGRASS,6143089,2020-12-06 2:00,2020,12,6,2:00,-4.4,,-7.1,,81,,,,33,,6,,,,,,,,-7,,NA
-80.22,43.55,GUELPH TURFGRASS,6143089,2020-12-06 3:00,2020,12,6,3:00,-4.5,,-6.6,,86,,,,36,,10,,,,,,,,-9,,NA
-80.22,43.55,GUELPH TURFGRASS,6143089,2020-12-06 4:00,2020,12,6,4:00,-5.9,,-7.2,,90,,,,30,,5,,,,,,,,-8,,NA
-80.22,43.55,GUELPH TURFGRASS,6143089,2020-12-06 5:00,2020,12,6,5:00,-8.9,,-9.8,,93,,,,,,0,,,,,,,,,,NA
-80.22,43.55,GUELPH TURFGRASS,6143089,2020-12-06 6:00,2020,12,6,6:00,-6.4,,-6.5,,99,,,,31,,7,,,,,,,,-10,,NA
-80.22,43.55,GUELPH TURFGRASS,6143089,2020-12-06 7:00,2020,12,6,7:00,-8.6,,-9.2,,95,,,,0,,1,,,,,,,,-9,,NA
-80.22,43.55,GUELPH TURFGRASS,6143089,2020-12-06 8:00,2020,12,6,8:00,-4.4,,-5.1,,95,,,,35,,6,,,,,,,,-7,,NA
-80.22,43.55,GUELPH TURFGRASS,6143089,2020-12-06 9:00,2020,12,6,9:00,-3.5,,-5.8,,84,,,,35,,14,,,,,,,,-9,,NA
-80.22,43.55,GUELPH TURFGRASS,6143089,2020-12-06 10:00,2020,12,6,10:00,-3.2,,-6,,81,,,,34,,14,,,,,,,,-8,,NA
-80.22,43.55,GUELPH TURFGRASS,6143089,2020-12-06 11:00,2020,12,6,11:00,-2.8,,-6.3,,77,,,,35,,12,,,,,,,,-7,,NA
-80.22,43.55,GUELPH TURFGRASS,6143089,2020-12-06 12:00,2020,12,6,12:00,-2.3,,-5.9,,76,,,,33,,11,,,,,,,,-6,,NA
-80.22,43.55,GUELPH TURFGRASS,6143089,2020-12-06 13:00,2020,12,6,13:00,-1.8,,-6.1,,72,,,,33,,12,,,,,,,,-6,,NA
-80.22,43.55,GUELPH TURFGRASS,6143089,2020-12-06 14:00,2020,12,6,14:00,-1.5,,-6.4,,69,,,,33,,9,,,,,,,,-5,,NA
-80.22,43.55,GUELPH TURFGRASS,6143089,2020-12-06 15:00,2020,12,6,15:00,-1.5,,-6.1,,71,,,,32,,14,,,,,,,,-6,,NA
-80.22,43.55,GUELPH TURFGRASS,6143089,2020-12-06 16:00,2020,12,6,16:00,-1.7,,-6.3,,71,,,,33,,11,,,,,,,,-6,,NA
-80.22,43.55,GUELPH TURFGRASS,6143089,2020-12-06 17:00,2020,12,6,17:00,-2.1,,-6.5,,72,,,,34,,9,,,,,,,,-6,,NA
-80.22,43.55,GUELPH TURFGRASS,6143089,2020-12-06 18:00,2020,12,6,18:00,-2.7,,-6.8,,74,,,,32,,12,,,,,,,,-7,,NA
-80.22,43.55,GUELPH TURFGRASS,6143089,2020-12-06 19:00,2020,12,6,19:00,-3.6,,-7.1,,77,,,,33,,6,,,,,,,,-6,,NA
-80.22,43.55,GUELPH TURFGRASS,6143089,2020-12-06 20:00,2020,12,6,20:00,-4.5,,-7.4,,80,,,,33,,7,,,,,,,,-8,,NA
-80.22,43.55,GUELPH TURFGRASS,6143089,2020-12-06 21:00,2020,12,6,21:00,-5.2,,-7.6,,83,,,,32,,6,,,,,,,,-8,,NA
-80.22,43.55,GUELPH TURFGRASS,6143089,2020-12-06 22:00,2020,12,6,22:00,-7.6,,-9.2,,88,,,,27,,4,,,,,,,,-10,,NA
-80.22,43.55,GUELPH TURFGRASS,6143089,2020-12-06 23:00,2020,12,6,23:00,-6.9,,-8.4,,89,,,,26,,6,,,,,,,,-10,,NA
-80.22,43.55,GUELPH TURFGRASS,6143089,2020-12-07 0:00,2020,12,7,0:00,-6.7,,-8.2,,89,,,,27,,6,,,,,,,,-10,,NA
-80.22,43.55,GUELPH TURFGRASS,6143089,2020-12-07 1:00,2020,12,7,1:00,-9.7,,-10.5,,94,,,,23,,3,,,,,,,,-11,,NA
-80.22,43.55,GUELPH TURFGRASS,6143089,2020-12-07 2:00,2020,12,7,2:00,-9.8,,-10.3,,96,,,,31,,4,,,,,,,,-12,,NA
-80.22,43.55,GUELPH TURFGRASS,6143089,2020-12-07 3:00,2020,12,7,3:00,-10.8,,-11.5,,95,,,,27,,2,,,,,,,,-12,,NA
-80.22,43.55,GUELPH TURFGRASS,6143089,2020-12-07 4:00,2020,12,7,4:00,-11,,-11.9,,94,,,,25,,2,,,,,,,,-12,,NA
-80.22,43.55,GUELPH TURFGRASS,6143089,2020-12-07 5:00,2020,12,7,5:00,-10.9,,-11.5,,95,,,,29,,4,,,,,,,,-13,,NA
-80.22,43.55,GUELPH TURFGRASS,6143089,2020-12-07 6:00,2020,12,7,6:00,-10.4,,-11.1,,95,,,,28,,3,,,,,,,,-12,,NA
-80.22,43.55,GUELPH TURFGRASS,6143089,2020-12-07 7:00,2020,12,7,7:00,-11.3,,-12.2,,93,,,,18,,2,,,,,,,,-13,,NA
-80.22,43.55,GUELPH TURFGRASS,6143089,2020-12-07 8:00,2020,12,7,8:00,-11.8,,-12.7,,93,,,,,,0,,,,,,,,,,NA
-80.22,43.55,GUELPH TURFGRASS,6143089,2020-12-07 9:00,2020,12,7,9:00,-5.1,,-5.6,,96,,,,32,,6,,,,,,,,-8,,NA
-80.22,43.55,GUELPH TURFGRASS,6143089,2020-12-07 10:00,2020,12,7,10:00,-2.3,,-6.2,,75,,,,32,,12,,,,,,,,-7,,NA
-80.22,43.55,GUELPH TURFGRASS,6143089,2020-12-07 11:00,2020,12,7,11:00,-1.5,,-6.2,,70,,,,32,,16,,,,,,,,-6,,NA
-80.22,43.55,GUELPH TURFGRASS,6143089,2020-12-07 12:00,2020,12,7,12:00,-1.2,,-6.6,,67,,,,33,,18,,,,,,,,-6,,NA
-80.22,43.55,GUELPH TURFGRASS,6143089,2020-12-07 13:00,2020,12,7,13:00,-0.9,,-6.6,,65,,,,32,,17,,,,,,,,-6,,NA
-80.22,43.55,GUELPH TURFGRASS,6143089,2020-12-07 14:00,2020,12,7,14:00,-1.1,,-6.2,,68,,,,32,,18,,,,,,,,-6,,NA
-80.22,43.55,GUELPH TURFGRASS,6143089,2020-12-07 15:00,2020,12,7,15:00,-1.2,,-6,,70,,,,31,,18,,,,,,,,-6,,NA
-80.22,43.55,GUELPH TURFGRASS,6143089,2020-12-07 16:00,2020,12,7,16:00,-2.3,,-7.3,,69,,,,35,,16,,,,,,,,-7,,NA
-80.22,43.55,GUELPH TURFGRASS,6143089,2020-12-07 17:00,2020,12,7,17:00,-4,,-7.5,,77,,,,34,,11,,,,,,,,-8,,NA
-80.22,43.55,GUELPH TURFGRASS,6143089,2020-12-07 18:00,2020,12,7,18:00,-4.6,,-7,,84,,,,34,,11,,,,,,,,-9,,NA
-80.22,43.55,GUELPH TURFGRASS,6143089,2020-12-07 19:00,2020,12,7,19:00,-3.9,,-6,,85,,,,34,,11,,,,,,,,-8,,NA
-80.22,43.55,GUELPH TURFGRASS,6143089,2020-12-07 20:00,2020,12,7,20:00,-3.2,,-6,,81,,,,34,,13,,,,,,,,-8,,NA
-80.22,43.55,GUELPH TURFGRASS,6143089,2020-12-07 21:00,2020,12,7,21:00,-3.4,,-6.4,,80,,,,33,,8,,,,,,,,-7,,NA
-80.22,43.55,GUELPH TURFGRASS,6143089,2020-12-07 22:00,2020,12,7,22:00,-4.6,,-6.8,,84,,,,32,,5,,,,,,,,-7,,NA
-80.22,43.55,GUELPH TURFGRASS,6143089,2020-12-07 23:00,2020,12,7,23:00,-7.5,,-8.8,,90,,,,22,,2,,,,,,,,-9,,NA
-80.22,43.55,GUELPH TURFGRASS,6143089,2020-12-08 0:00,2020,12,8,0:00,-9,,-9.5,,96,,,,26,,3,,,,,,,,-11,,NA
-80.22,43.55,GUELPH TURFGRASS,6143089,2020-12-08 1:00,2020,12,8,1:00,-6.2,,-7,,94,,,,30,,6,,,,,,,,-9,,NA
-80.22,43.55,GUELPH TURFGRASS,6143089,2020-12-08 2:00,2020,12,8,2:00,-9.9,,-10.5,,95,,,,26,,3,,,,,,,,-12,,NA
-80.22,43.55,GUELPH TURFGRASS,6143089,2020-12-08 3:00,2020,12,8,3:00,-9.7,,-10.2,,96,,,,30,,4,,,,,,,,-12,,NA
-80.22,43.55,GUELPH TURFGRASS,6143089,2020-12-08 4:00,2020,12,8,4:00,-8,,-8.7,,95,,,,30,,6,,,,,,,,-11,,NA
-80.22,43.55,GUELPH TURFGRASS,6143089,2020-12-08 5:00,2020,12,8,5:00,-7.9,,-8.5,,95,,,,29,,5,,,,,,,,-11,,NA
-80.22,43.55,GUELPH TURFGRASS,6143089,2020-12-08 6:00,2020,12,8,6:00,-7.5,,-8.2,,95,,,,28,,8,,,,,,,,-12,,NA
-80.22,43.55,GUELPH TURFGRASS,6143089,2020-12-08 7:00,2020,12,8,7:00,-7.6,,-8.5,,94,,,,29,,6,,,,,,,,-11,,NA
-80.22,43.55,GUELPH TURFGRASS,6143089,2020-12-08 8:00,2020,12,8,8:00,-9.1,,-10,,93,,,,28,,4,,,,,,,,-11,,NA
-80.22,43.55,GUELPH TURFGRASS,6143089,2020-12-08 9:00,2020,12,8,9:00,-5.5,,-6.4,,93,,,,31,,11,,,,,,,,-10,,NA
-80.22,43.55,GUELPH TURFGRASS,6143089,2020-12-08 10:00,2020,12,8,10:00,-4.6,,-6.2,,88,,,,31,,15,,,,,,,,-10,,NA
-80.22,43.55,GUELPH TURFGRASS,6143089,2020-12-08 11:00,2020,12,8,11:00,-3.8,,-6.2,,83,,,,30,,19,,,,,,,,-10,,NA
-80.22,43.55,GUELPH TURFGRASS,6143089,2020-12-08 12:00,2020,12,8,12:00,-1.8,,-5.5,,76,,,,31,,15,,,,,,,,-7,,NA
-80.22,43.55,GUELPH TURFGRASS,6143089,2020-12-08 13:00,2020,12,8,13:00,-1,,-4.9,,75,,,,30,,15,,,,,,,,-6,,NA
-80.22,43.55,GUELPH TURFGRASS,6143089,2020-12-08 14:00,2020,12,8,14:00,-0.4,,-4.7,,73,,,,28,,14,,,,,,,,-5,,NA
-80.22,43.55,GUELPH TURFGRASS,6143089,2020-12-08 15:00,2020,12,8,15:00,0,,-4.1,,74,,,,27,,11,,,,,,,,-4,,NA
-80.22,43.55,GUELPH TURFGRASS,6143089,2020-12-08 16:00,2020,12,8,16:00,0.1,,-3.9,,74,,,,26,,15,,,,,,,,,,NA
-80.22,43.55,GUELPH TURFGRASS,6143089,2020-12-08 17:00,2020,12,8,17:00,0.1,,-3.8,,75,,,,26,,14,,,,,,,,,,NA
-80.22,43.55,GUELPH TURFGRASS,6143089,2020-12-08 18:00,2020,12,8,18:00,-0.3,,-4.1,,75,,,,24,,12,,,,,,,,-4,,NA
-80.22,43.55,GUELPH TURFGRASS,6143089,2020-12-08 19:00,2020,12,8,19:00,-0.3,,-3.9,,77,,,,23,,11,,,,,,,,-4,,NA
-80.22,43.55,GUELPH TURFGRASS,6143089,2020-12-08 20:00,2020,12,8,20:00,-0.4,,-3.9,,77,,,,23,,13,,,,,,,,-5,,NA
-80.22,43.55,GUELPH TURFGRASS,6143089,2020-12-08 21:00,2020,12,8,21:00,-0.3,,-3.6,,79,,,,23,,16,,,,,,,,-5,,NA
-80.22,43.55,GUELPH TURFGRASS,6143089,2020-12-08 22:00,2020,12,8,22:00,-0.1,,-2.7,,83,,,,23,,16,,,,,,,,-5,,NA
-80.22,43.55,GUELPH TURFGRASS,6143089,2020-12-08 23:00,2020,12,8,23:00,0,,-2.1,,86,,,,23,,15,,,,,,,,-4,,NA
-80.22,43.55,GUELPH TURFGRASS,6143089,2020-12-09 0:00,2020,12,9,0:00,0,,-2.6,,83,,,,24,,18,,,,,,,,-5,,NA
-80.22,43.55,GUELPH TURFGRASS,6143089,2020-12-09 1:00,2020,12,9,1:00,-0.2,,-2.7,,83,,,,24,,18,,,,,,,,-5,,NA
-80.22,43.55,GUELPH TURFGRASS,6143089,2020-12-09 2:00,2020,12,9,2:00,-0.1,,-2.5,,84,,,,24,,18,,,,,,,,-5,,NA
-80.22,43.55,GUELPH TURFGRASS,6143089,2020-12-09 3:00,2020,12,9,3:00,0,,-2.2,,86,,,,24,,17,,,,,,,,-5,,NA
-80.22,43.55,GUELPH TURFGRASS,6143089,2020-12-09 4:00,2020,12,9,4:00,0.1,,-2.1,,85,,,,24,,20,,,,,,,,,,NA
-80.22,43.55,GUELPH TURFGRASS,6143089,2020-12-09 5:00,2020,12,9,5:00,0,,-2,,86,,,,25,,16,,,,,,,,-5,,NA
-80.22,43.55,GUELPH TURFGRASS,6143089,2020-12-09 6:00,2020,12,9,6:00,-0.1,,-1.8,,88,,,,25,,17,,,,,,,,-5,,NA
-80.22,43.55,GUELPH TURFGRASS,6143089,2020-12-09 7:00,2020,12,9,7:00,-0.3,,-1.3,,93,,,,25,,14,,,,,,,,-5,,NA
-80.22,43.55,GUELPH TURFGRASS,6143089,2020-12-09 8:00,2020,12,9,8:00,-0.1,,-1.3,,91,,,,25,,15,,,,,,,,-5,,NA
-80.22,43.55,GUELPH TURFGRASS,6143089,2020-12-09 9:00,2020,12,9,9:00,0.2,,-0.8,,93,,,,25,,16,,,,,,,,,,NA
-80.22,43.55,GUELPH TURFGRASS,6143089,2020-12-09 10:00,2020,12,9,10:00,0.4,,-0.3,,96,,,,25,,12,,,,,,,,,,NA
-80.22,43.55,GUELPH TURFGRASS,6143089,2020-12-09 11:00,2020,12,9,11:00,0.6,,0.1,,97,,0.2,,24,,10,,,,,,,,,,NA
-80.22,43.55,GUELPH TURFGRASS,6143089,2020-12-09 12:00,2020,12,9,12:00,1.2,,0.7,,96,,0.2,,25,,11,,,,,,,,,,NA
-80.22,43.55,GUELPH TURFGRASS,6143089,2020-12-09 13:00,2020,12,9,13:00,1.5,,0.7,,94,,0,,27,,13,,,,,,,,,,NA
-80.22,43.55,GUELPH TURFGRASS,6143089,2020-12-09 14:00,2020,12,9,14:00,1.9,,0.6,,91,,0,,27,,15,,,,,,,,,,NA
-80.22,43.55,GUELPH TURFGRASS,6143089,2020-12-09 15:00,2020,12,9,15:00,1.9,,0.9,,93,,0,,28,,15,,,,,,,,,,NA
-80.22,43.55,GUELPH TURFGRASS,6143089,2020-12-09 16:00,2020,12,9,16:00,2.1,,1,,93,,0,,28,,13,,,,,,,,,,NA
-80.22,43.55,GUELPH TURFGRASS,6143089,2020-12-09 17:00,2020,12,9,17:00,2.2,,1.2,,93,,0,,27,,12,,,,,,,,,,NA
-80.22,43.55,GUELPH TURFGRASS,6143089,2020-12-09 18:00,2020,12,9,18:00,2.4,,1.1,,91,,0,,28,,14,,,,,,,,,,NA
-80.22,43.55,GUELPH TURFGRASS,6143089,2020-12-09 19:00,2020,12,9,19:00,2.3,,1.4,,94,,0,,29,,13,,,,,,,,,,NA
-80.22,43.55,GUELPH TURFGRASS,6143089,2020-12-09 20:00,2020,12,9,20:00,2.4,,1.4,,93,,0,,28,,14,,,,,,,,,,NA
-80.22,43.55,GUELPH TURFGRASS,6143089,2020-12-09 21:00,2020,12,9,21:00,2.3,,0.8,,89,,0,,29,,13,,,,,,,,,,NA
-80.22,43.55,GUELPH TURFGRASS,6143089,2020-12-09 22:00,2020,12,9,22:00,2.1,,0.7,,90,,0,,28,,10,,,,,,,,,,NA
-80.22,43.55,GUELPH TURFGRASS,6143089,2020-12-09 23:00,2020,12,9,23:00,1.8,,0.3,,89,,0,,28,,10,,,,,,,,,,NA
-80.22,43.55,GUELPH TURFGRASS,6143089,2020-12-10 0:00,2020,12,10,0:00,2,,0.5,,89,,0,,28,,10,,,,,,,,,,NA
-80.22,43.55,GUELPH TURFGRASS,6143089,2020-12-10 1:00,2020,12,10,1:00,2.4,,0.7,,89,,0,,27,,11,,,,,,,,,,NA
-80.22,43.55,GUELPH TURFGRASS,6143089,2020-12-10 2:00,2020,12,10,2:00,2.2,,0.8,,90,,0,,27,,8,,,,,,,,,,NA
-80.22,43.55,GUELPH TURFGRASS,6143089,2020-12-10 3:00,2020,12,10,3:00,1.6,,0.4,,92,,0,,25,,5,,,,,,,,,,NA
-80.22,43.55,GUELPH TURFGRASS,6143089,2020-12-10 4:00,2020,12,10,4:00,0.9,,0.1,,94,,0,,26,,5,,,,,,,,,,NA
-80.22,43.55,GUELPH TURFGRASS,6143089,2020-12-10 5:00,2020,12,10,5:00,0.2,,-0.2,,97,,,,24,,6,,,,,,,,,,NA
-80.22,43.55,GUELPH TURFGRASS,6143089,2020-12-10 6:00,2020,12,10,6:00,0.5,,0.1,,97,,0,,26,,4,,,,,,,,,,NA
-80.22,43.55,GUELPH TURFGRASS,6143089,2020-12-10 7:00,2020,12,10,7:00,1.6,,-0.2,,88,,0,,27,,8,,,,,,,,,,NA
-80.22,43.55,GUELPH TURFGRASS,6143089,2020-12-10 8:00,2020,12,10,8:00,1.8,,-0.3,,86,,0,,29,,5,,,,,,,,,,NA
-80.22,43.55,GUELPH TURFGRASS,6143089,2020-12-10 9:00,2020,12,10,9:00,2.3,,-0.2,,84,,0,,27,,6,,,,,,,,,,NA
-80.22,43.55,GUELPH TURFGRASS,6143089,2020-12-10 10:00,2020,12,10,10:00,3,,-0.5,,78,,0,,28,,7,,,,,,,,,,NA
-80.22,43.55,GUELPH TURFGRASS,6143089,2020-12-10 11:00,2020,12,10,11:00,3.2,,-0.3,,78,,0,,24,,5,,,,,,,,,,NA
-80.22,43.55,GUELPH TURFGRASS,6143089,2020-12-10 12:00,2020,12,10,12:00,3.8,,0.3,,78,,0,,26,,6,,,,,,,,,,NA
-80.22,43.55,GUELPH TURFGRASS,6143089,2020-12-10 13:00,2020,12,10,13:00,4.4,,0.5,,76,,0,,28,,8,,,,,,,,,,NA
-80.22,43.55,GUELPH TURFGRASS,6143089,2020-12-10 14:00,2020,12,10,14:00,5,,0.4,,72,,0,,25,,4,,,,,,,,,,NA
-80.22,43.55,GUELPH TURFGRASS,6143089,2020-12-10 15:00,2020,12,10,15:00,4.6,,0.4,,74,,0,,23,,7,,,,,,,,,,NA
-80.22,43.55,GUELPH TURFGRASS,6143089,2020-12-10 16:00,2020,12,10,16:00,4.4,,0.5,,76,,0,,19,,5,,,,,,,,,,NA
-80.22,43.55,GUELPH TURFGRASS,6143089,2020-12-10 17:00,2020,12,10,17:00,3.4,,0.3,,80,,0,,16,,3,,,,,,,,,,NA
-80.22,43.55,GUELPH TURFGRASS,6143089,2020-12-10 18:00,2020,12,10,18:00,1,,-0.5,,90,,0,,18,,1,,,,,,,,,,NA
-80.22,43.55,GUELPH TURFGRASS,6143089,2020-12-10 19:00,2020,12,10,19:00,2.4,,0.6,,88,,0,,18,,7,,,,,,,,,,NA
-80.22,43.55,GUELPH TURFGRASS,6143089,2020-12-10 20:00,2020,12,10,20:00,1.6,,0.1,,90,,0,,18,,5,,,,,,,,,,NA
-80.22,43.55,GUELPH TURFGRASS,6143089,2020-12-10 21:00,2020,12,10,21:00,0.8,,-0.2,,93,,0,,14,,1,,,,,,,,,,NA
-80.22,43.55,GUELPH TURFGRASS,6143089,2020-12-10 22:00,2020,12,10,22:00,-2,,-2.6,,96,,,,0,,1,,,,,,,,-2,,NA
-80.22,43.55,GUELPH TURFGRASS,6143089,2020-12-10 23:00,2020,12,10,23:00,-1.9,,-2.1,,99,,,,15,,3,,,,,,,,-3,,NA
-80.22,43.55,GUELPH TURFGRASS,6143089,2020-12-11 0:00,2020,12,11,0:00,-0.4,,-0.6,,99,,,,16,,4,,,,,,,,-2,,NA
-80.22,43.55,GUELPH TURFGRASS,6143089,2020-12-11 1:00,2020,12,11,1:00,0.1,,-0.2,,98,,,,18,,2,,,,,,,,,,NA
-80.22,43.55,GUELPH TURFGRASS,6143089,2020-12-11 2:00,2020,12,11,2:00,-1.7,,-2.1,,97,,,,,,0,,,,,,,,,,NA
-80.22,43.55,GUELPH TURFGRASS,6143089,2020-12-11 3:00,2020,12,11,3:00,-1.8,,-2,,99,,,,,,0,,,,,,,,,,NA
-80.22,43.55,GUELPH TURFGRASS,6143089,2020-12-11 4:00,2020,12,11,4:00,-1.7,,-1.9,,99,,,,11,,1,,,,,,,,-2,,NA
-80.22,43.55,GUELPH TURFGRASS,6143089,2020-12-11 5:00,2020,12,11,5:00,-2.1,,-2.3,,99,,,,15,,1,,,,,,,,-2,,NA
-80.22,43.55,GUELPH TURFGRASS,6143089,2020-12-11 6:00,2020,12,11,6:00,-2.5,,-2.5,,99,,,,,,0,,,,,,,,,,NA
-80.22,43.55,GUELPH TURFGRASS,6143089,2020-12-11 7:00,2020,12,11,7:00,-2.6,,-2.7,,100,,,,,,0,,,,,,,,,,NA
-80.22,43.55,GUELPH TURFGRASS,6143089,2020-12-11 8:00,2020,12,11,8:00,-2.4,,-2.4,,100,,,,,,0,,,,,,,,,,NA
-80.22,43.55,GUELPH TURFGRASS,6143089,2020-12-11 9:00,2020,12,11,9:00,-0.9,,-1,,100,,,,0,,1,,,,,,,,-1,,NA
-80.22,43.55,GUELPH TURFGRASS,6143089,2020-12-11 10:00,2020,12,11,10:00,1.6,,1.5,,99,,0,,29,,1,,,,,,,,,,NA
-80.22,43.55,GUELPH TURFGRASS,6143089,2020-12-11 11:00,2020,12,11,11:00,5.7,,3.2,,84,,0,,23,,6,,,,,,,,,,NA
-80.22,43.55,GUELPH TURFGRASS,6143089,2020-12-11 12:00,2020,12,11,12:00,6.1,,2.7,,79,,0,,27,,7,,,,,,,,,,NA
-80.22,43.55,GUELPH TURFGRASS,6143089,2020-12-11 13:00,2020,12,11,13:00,6.8,,2.9,,76,,0,,32,,6,,,,,,,,,,NA
-80.22,43.55,GUELPH TURFGRASS,6143089,2020-12-11 14:00,2020,12,11,14:00,8.2,,3,,70,,0,,26,,4,,,,,,,,,,NA
-80.22,43.55,GUELPH TURFGRASS,6143089,2020-12-11 15:00,2020,12,11,15:00,7,,3.1,,77,,0,,34,,9,,,,,,,,,,NA
-80.22,43.55,GUELPH TURFGRASS,6143089,2020-12-11 16:00,2020,12,11,16:00,6.1,,2.9,,80,,0,,36,,5,,,,,,,,,,NA
-80.22,43.55,GUELPH TURFGRASS,6143089,2020-12-11 17:00,2020,12,11,17:00,5.3,,2.7,,83,,0,,36,,4,,,,,,,,,,NA
-80.22,43.55,GUELPH TURFGRASS,6143089,2020-12-11 18:00,2020,12,11,18:00,4.5,,2.3,,86,,0,,2,,6,,,,,,,,,,NA
-80.22,43.55,GUELPH TURFGRASS,6143089,2020-12-11 19:00,2020,12,11,19:00,3.5,,1.9,,89,,0,,9,,8,,,,,,,,,,NA
-80.22,43.55,GUELPH TURFGRASS,6143089,2020-12-11 20:00,2020,12,11,20:00,2.9,,1.6,,91,,0,,5,,9,,,,,,,,,,NA
-80.22,43.55,GUELPH TURFGRASS,6143089,2020-12-11 21:00,2020,12,11,21:00,2.9,,1.9,,93,,0,,6,,10,,,,,,,,,,NA
-80.22,43.55,GUELPH TURFGRASS,6143089,2020-12-11 22:00,2020,12,11,22:00,3.1,,1.9,,92,,0,,9,,7,,,,,,,,,,NA
-80.22,43.55,GUELPH TURFGRASS,6143089,2020-12-11 23:00,2020,12,11,23:00,3.3,,2.2,,92,,0,,6,,14,,,,,,,,,,NA
-80.22,43.55,GUELPH TURFGRASS,6143089,2020-12-12 0:00,2020,12,12,0:00,3.1,,2,,93,,0,,6,,13,,,,,,,,,,NA
-80.22,43.55,GUELPH TURFGRASS,6143089,2020-12-12 1:00,2020,12,12,1:00,2.9,,1.8,,92,,0,,7,,14,,,,,,,,,,NA
-80.22,43.55,GUELPH TURFGRASS,6143089,2020-12-12 2:00,2020,12,12,2:00,2.8,,1.7,,92,,0,,8,,13,,,,,,,,,,NA
-80.22,43.55,GUELPH TURFGRASS,6143089,2020-12-12 3:00,2020,12,12,3:00,2.7,,1.7,,93,,0,,7,,20,,,,,,,,,,NA
-80.22,43.55,GUELPH TURFGRASS,6143089,2020-12-12 4:00,2020,12,12,4:00,2.6,,1.6,,93,,0,,8,,16,,,,,,,,,,NA
-80.22,43.55,GUELPH TURFGRASS,6143089,2020-12-12 5:00,2020,12,12,5:00,2.4,,1.7,,95,,0,,8,,18,,,,,,,,,,NA
-80.22,43.55,GUELPH TURFGRASS,6143089,2020-12-12 6:00,2020,12,12,6:00,2.2,,2,,98,,0,,8,,21,,,,,,,,,,NA
-80.22,43.55,GUELPH TURFGRASS,6143089,2020-12-12 7:00,2020,12,12,7:00,2.1,,1.9,,99,,0,,8,,19,,,,,,,,,,NA
-80.22,43.55,GUELPH TURFGRASS,6143089,2020-12-12 8:00,2020,12,12,8:00,2.1,,2,,99,,0,,9,,21,,,,,,,,,,NA
-80.22,43.55,GUELPH TURFGRASS,6143089,2020-12-12 9:00,2020,12,12,9:00,2.1,,2,,99,,0.2,,9,,17,,,,,,,,,,NA
-80.22,43.55,GUELPH TURFGRASS,6143089,2020-12-12 10:00,2020,12,12,10:00,2.3,,2.2,,99,,0.2,,9,,18,,,,,,,,,,NA
-80.22,43.55,GUELPH TURFGRASS,6143089,2020-12-12 11:00,2020,12,12,11:00,2.4,,2.2,,99,,0.8,,9,,21,,,,,,,,,,NA
-80.22,43.55,GUELPH TURFGRASS,6143089,2020-12-12 12:00,2020,12,12,12:00,2.8,,2.7,,99,,0.2,,9,,22,,,,,,,,,,NA
-80.22,43.55,GUELPH TURFGRASS,6143089,2020-12-12 13:00,2020,12,12,13:00,3.3,,3.1,,99,,0.6,,10,,17,,,,,,,,,,NA
-80.22,43.55,GUELPH TURFGRASS,6143089,2020-12-12 14:00,2020,12,12,14:00,3.9,,3.6,,98,,2.8,,10,,13,,,,,,,,,,NA
-80.22,43.55,GUELPH TURFGRASS,6143089,2020-12-12 15:00,2020,12,12,15:00,4.9,,4.6,,98,,3.4,,13,,10,,,,,,,,,,NA
-80.22,43.55,GUELPH TURFGRASS,6143089,2020-12-12 16:00,2020,12,12,16:00,5.9,,5.5,,98,,0,,13,,11,,,,,,,,,,NA
-80.22,43.55,GUELPH TURFGRASS,6143089,2020-12-12 17:00,2020,12,12,17:00,7.6,,7,,96,,0,,17,,12,,,,,,,,,,NA
-80.22,43.55,GUELPH TURFGRASS,6143089,2020-12-12 18:00,2020,12,12,18:00,8.3,,7.3,,94,,0,,18,,11,,,,,,,,,,NA
-80.22,43.55,GUELPH TURFGRASS,6143089,2020-12-12 19:00,2020,12,12,19:00,8.9,,7.3,,90,,0,,20,,13,,,,,,,,,,NA
-80.22,43.55,GUELPH TURFGRASS,6143089,2020-12-12 20:00,2020,12,12,20:00,8.8,,5.7,,81,,0,,22,,17,,,,,,,,,,NA
-80.22,43.55,GUELPH TURFGRASS,6143089,2020-12-12 21:00,2020,12,12,21:00,8.4,,5.2,,80,,0,,23,,18,,,,,,,,,,NA
-80.22,43.55,GUELPH TURFGRASS,6143089,2020-12-12 22:00,2020,12,12,22:00,7.7,,5,,83,,0,,23,,21,,,,,,,,,,NA
-80.22,43.55,GUELPH TURFGRASS,6143089,2020-12-12 23:00,2020,12,12,23:00,5.2,,3.9,,91,,0,,26,,23,,,,,,,,,,NA
-80.22,43.55,GUELPH TURFGRASS,6143089,2020-12-13 0:00,2020,12,13,0:00,3.9,,2.5,,91,,0,,26,,22,,,,,,,,,,NA
-80.22,43.55,GUELPH TURFGRASS,6143089,2020-12-13 1:00,2020,12,13,1:00,3,,1.5,,90,,0,,27,,20,,,,,,,,,,NA
-80.22,43.55,GUELPH TURFGRASS,6143089,2020-12-13 2:00,2020,12,13,2:00,2.1,,-0.1,,85,,0,,28,,21,,,,,,,,,,NA
-80.22,43.55,GUELPH TURFGRASS,6143089,2020-12-13 3:00,2020,12,13,3:00,1.2,,-1.3,,83,,0,,28,,19,,,,,,,,,,NA
-80.22,43.55,GUELPH TURFGRASS,6143089,2020-12-13 4:00,2020,12,13,4:00,0.5,,-2.6,,80,,,,28,,19,,,,,,,,,,NA
-80.22,43.55,GUELPH TURFGRASS,6143089,2020-12-13 5:00,2020,12,13,5:00,0,,-2.7,,82,,,,29,,18,,,,,,,,-5,,NA
-80.22,43.55,GUELPH TURFGRASS,6143089,2020-12-13 6:00,2020,12,13,6:00,-0.5,,-2.8,,85,,,,29,,20,,,,,,,,-6,,NA
-80.22,43.55,GUELPH TURFGRASS,6143089,2020-12-13 7:00,2020,12,13,7:00,-1.1,,-4.1,,80,,,,29,,26,,,,,,,,-7,,NA
-80.22,43.55,GUELPH TURFGRASS,6143089,2020-12-13 8:00,2020,12,13,8:00,-1.8,,-4.4,,82,,,,29,,22,,,,,,,,-8,,NA
-80.22,43.55,GUELPH TURFGRASS,6143089,2020-12-13 9:00,2020,12,13,9:00,-1.8,,-4,,85,,,,28,,22,,,,,,,,-8,,NA
-80.22,43.55,GUELPH TURFGRASS,6143089,2020-12-13 10:00,2020,12,13,10:00,-1.7,,-3.8,,85,,,,28,,20,,,,,,,,-7,,NA
-80.22,43.55,GUELPH TURFGRASS,6143089,2020-12-13 11:00,2020,12,13,11:00,-1.6,,-3.4,,88,,,,28,,19,,,,,,,,-7,,NA
-80.22,43.55,GUELPH TURFGRASS,6143089,2020-12-13 12:00,2020,12,13,12:00,-1.4,,-3.7,,85,,,,29,,22,,,,,,,,-7,,NA
-80.22,43.55,GUELPH TURFGRASS,6143089,2020-12-13 13:00,2020,12,13,13:00,-0.8,,-3.4,,83,,,,30,,18,,,,,,,,-6,,NA
-80.22,43.55,GUELPH TURFGRASS,6143089,2020-12-13 14:00,2020,12,13,14:00,-0.3,,-3.7,,78,,,,31,,19,,,,,,,,-5,,NA
-80.22,43.55,GUELPH TURFGRASS,6143089,2020-12-13 15:00,2020,12,13,15:00,-0.3,,-2.8,,83,,,,29,,10,,,,,,,,-4,,NA
-80.22,43.55,GUELPH TURFGRASS,6143089,2020-12-13 16:00,2020,12,13,16:00,-0.7,,-2.8,,86,,,,28,,10,,,,,,,,-4,,NA
-80.22,43.55,GUELPH TURFGRASS,6143089,2020-12-13 17:00,2020,12,13,17:00,-1,,-3,,86,,,,27,,14,,,,,,,,-5,,NA
-80.22,43.55,GUELPH TURFGRASS,6143089,2020-12-13 18:00,2020,12,13,18:00,-0.9,,-3.3,,84,,,,28,,9,,,,,,,,-4,,NA
-80.22,43.55,GUELPH TURFGRASS,6143089,2020-12-13 19:00,2020,12,13,19:00,-1,,-3.5,,83,,,,27,,14,,,,,,,,-5,,NA
-80.22,43.55,GUELPH TURFGRASS,6143089,2020-12-13 20:00,2020,12,13,20:00,-1.1,,-3.7,,82,,,,28,,12,,,,,,,,-5,,NA
-80.22,43.55,GUELPH TURFGRASS,6143089,2020-12-13 21:00,2020,12,13,21:00,-1.1,,-3.5,,84,,,,28,,8,,,,,,,,-4,,NA
-80.22,43.55,GUELPH TURFGRASS,6143089,2020-12-13 22:00,2020,12,13,22:00,-1.1,,-4.1,,80,,,,28,,11,,,,,,,,-5,,NA
-80.22,43.55,GUELPH TURFGRASS,6143089,2020-12-13 23:00,2020,12,13,23:00,-1.1,,-3.9,,82,,,,24,,6,,,,,,,,-3,,NA
-80.22,43.55,GUELPH TURFGRASS,6143089,2020-12-14 0:00,2020,12,14,0:00,-1.3,,-4.1,,81,,,,24,,9,,,,,,,,-5,,NA
-80.22,43.55,GUELPH TURFGRASS,6143089,2020-12-14 1:00,2020,12,14,1:00,-1.3,,-4,,82,,,,25,,8,,,,,,,,-4,,NA
-80.22,43.55,GUELPH TURFGRASS,6143089,2020-12-14 2:00,2020,12,14,2:00,-1.4,,-4.4,,80,,,,24,,10,,,,,,,,-5,,NA
-80.22,43.55,GUELPH TURFGRASS,6143089,2020-12-14 3:00,2020,12,14,3:00,-1.4,,-4.3,,81,,,,25,,5,,,,,,,,-3,,NA
-80.22,43.55,GUELPH TURFGRASS,6143089,2020-12-14 4:00,2020,12,14,4:00,-1.2,,-4.1,,80,,,,23,,7,,,,,,,,-4,,NA
-80.22,43.55,GUELPH TURFGRASS,6143089,2020-12-14 5:00,2020,12,14,5:00,-1.3,,-3.7,,83,,,,23,,4,,,,,,,,-3,,NA
-80.22,43.55,GUELPH TURFGRASS,6143089,2020-12-14 6:00,2020,12,14,6:00,-1.2,,-3.6,,84,,,,19,,4,,,,,,,,-3,,NA
-80.22,43.55,GUELPH TURFGRASS,6143089,2020-12-14 7:00,2020,12,14,7:00,-1.1,,-3.3,,85,,,,18,,5,,,,,,,,-3,,NA
-80.22,43.55,GUELPH TURFGRASS,6143089,2020-12-14 8:00,2020,12,14,8:00,-1,,-3.2,,84,,,,23,,6,,,,,,,,-3,,NA
-80.22,43.55,GUELPH TURFGRASS,6143089,2020-12-14 9:00,2020,12,14,9:00,-0.5,,-3.2,,82,,,,25,,7,,,,,,,,-3,,NA
-80.22,43.55,GUELPH TURFGRASS,6143089,2020-12-14 10:00,2020,12,14,10:00,0,,-3.1,,80,,,,24,,13,,,,,,,,-4,,NA
-80.22,43.55,GUELPH TURFGRASS,6143089,2020-12-14 11:00,2020,12,14,11:00,-0.5,,-3.9,,78,,,,29,,24,,,,,,,,-6,,NA
-80.22,43.55,GUELPH TURFGRASS,6143089,2020-12-14 12:00,2020,12,14,12:00,-1,,-4.9,,75,,,,28,,21,,,,,,,,-7,,NA
-80.22,43.55,GUELPH TURFGRASS,6143089,2020-12-14 13:00,2020,12,14,13:00,-1.2,,-5.1,,74,,,,28,,24,,,,,,,,-7,,NA
-80.22,43.55,GUELPH TURFGRASS,6143089,2020-12-14 14:00,2020,12,14,14:00,-1.2,,-5.2,,74,,,,28,,21,,,,,,,,-7,,NA
-80.22,43.55,GUELPH TURFGRASS,6143089,2020-12-14 15:00,2020,12,14,15:00,-1,,-5,,75,,,,29,,20,,,,,,,,-7,,NA
-80.22,43.55,GUELPH TURFGRASS,6143089,2020-12-14 16:00,2020,12,14,16:00,-2.3,,-3.5,,91,,,,29,,20,,,,,,,,-8,,NA
-80.22,43.55,GUELPH TURFGRASS,6143089,2020-12-14 17:00,2020,12,14,17:00,-2.2,,-4.7,,83,,,,27,,14,,,,,,,,-7,,NA
-80.22,43.55,GUELPH TURFGRASS,6143089,2020-12-14 18:00,2020,12,14,18:00,-2.9,,-4.6,,88,,,,27,,13,,,,,,,,-8,,NA
-80.22,43.55,GUELPH TURFGRASS,6143089,2020-12-14 19:00,2020,12,14,19:00,-3.2,,-5.6,,84,,,,28,,15,,,,,,,,-8,,NA
-80.22,43.55,GUELPH TURFGRASS,6143089,2020-12-14 20:00,2020,12,14,20:00,-3.3,,-5.2,,86,,,,28,,20,,,,,,,,-9,,NA
-80.22,43.55,GUELPH TURFGRASS,6143089,2020-12-14 21:00,2020,12,14,21:00,-3.6,,-6.1,,83,,,,28,,13,,,,,,,,-8,,NA
-80.22,43.55,GUELPH TURFGRASS,6143089,2020-12-14 22:00,2020,12,14,22:00,-3.6,,-8,,72,,,,28,,15,,,,,,,,-9,,NA
-80.22,43.55,GUELPH TURFGRASS,6143089,2020-12-14 23:00,2020,12,14,23:00,-3.4,,-9.1,,65,,,,27,,17,,,,,,,,-9,,NA
-80.22,43.55,GUELPH TURFGRASS,6143089,2020-12-15 0:00,2020,12,15,0:00,-4,,-9.3,,67,,,,28,,10,,,,,,,,-8,,NA
-80.22,43.55,GUELPH TURFGRASS,6143089,2020-12-15 1:00,2020,12,15,1:00,-3.7,,-8.9,,67,,,,28,,17,,,,,,,,-9,,NA
-80.22,43.55,GUELPH TURFGRASS,6143089,2020-12-15 2:00,2020,12,15,2:00,-4.1,,-9.3,,67,,,,29,,14,,,,,,,,-9,,NA
-80.22,43.55,GUELPH TURFGRASS,6143089,2020-12-15 3:00,2020,12,15,3:00,-5,,-9.7,,69,,,,29,,9,,,,,,,,-9,,NA
-80.22,43.55,GUELPH TURFGRASS,6143089,2020-12-15 4:00,2020,12,15,4:00,-5,,-9,,73,,,,27,,10,,,,,,,,-9,,NA
-80.22,43.55,GUELPH TURFGRASS,6143089,2020-12-15 5:00,2020,12,15,5:00,-5.1,,-8.9,,75,,,,29,,16,,,,,,,,-11,,NA
-80.22,43.55,GUELPH TURFGRASS,6143089,2020-12-15 6:00,2020,12,15,6:00,-5.1,,-9.2,,73,,,,27,,10,,,,,,,,-9,,NA
-80.22,43.55,GUELPH TURFGRASS,6143089,2020-12-15 7:00,2020,12,15,7:00,-4.9,,-9.1,,72,,,,27,,8,,,,,,,,-8,,NA
-80.22,43.55,GUELPH TURFGRASS,6143089,2020-12-15 8:00,2020,12,15,8:00,-4.9,,-8.1,,78,,,,32,,11,,,,,,,,-9,,NA
-80.22,43.55,GUELPH TURFGRASS,6143089,2020-12-15 9:00,2020,12,15,9:00,-5.6,,-8.8,,78,,,,35,,9,,,,,,,,-10,,NA
-80.22,43.55,GUELPH TURFGRASS,6143089,2020-12-15 10:00,2020,12,15,10:00,-5.6,,-8.9,,77,,,,36,,11,,,,,,,,-10,,NA
-80.22,43.55,GUELPH TURFGRASS,6143089,2020-12-15 11:00,2020,12,15,11:00,-5.2,,-9.2,,73,,,,2,,10,,,,,,,,-10,,NA
-80.22,43.55,GUELPH TURFGRASS,6143089,2020-12-15 12:00,2020,12,15,12:00,-5.1,,-9.9,,69,,,,33,,8,,,,,,,,-9,,NA
-80.22,43.55,GUELPH TURFGRASS,6143089,2020-12-15 13:00,2020,12,15,13:00,-4.7,,-10.1,,66,,,,35,,8,,,,,,,,-8,,NA
-80.22,43.55,GUELPH TURFGRASS,6143089,2020-12-15 14:00,2020,12,15,14:00,-4.5,,-9.9,,66,,,,33,,9,,,,,,,,-8,,NA
-80.22,43.55,GUELPH TURFGRASS,6143089,2020-12-15 15:00,2020,12,15,15:00,-4.6,,-10.1,,65,,,,35,,8,,,,,,,,-8,,NA
-80.22,43.55,GUELPH TURFGRASS,6143089,2020-12-15 16:00,2020,12,15,16:00,-5.1,,-10.7,,65,,,,33,,7,,,,,,,,-8,,NA
-80.22,43.55,GUELPH TURFGRASS,6143089,2020-12-15 17:00,2020,12,15,17:00,-6,,-11.1,,67,,,,3,,7,,,,,,,,-9,,NA
-80.22,43.55,GUELPH TURFGRASS,6143089,2020-12-15 18:00,2020,12,15,18:00,-6.3,,-11.5,,67,,,,3,,5,,,,,,,,-9,,NA
-80.22,43.55,GUELPH TURFGRASS,6143089,2020-12-15 19:00,2020,12,15,19:00,-6.8,,-11,,72,,,,5,,5,,,,,,,,-9,,NA
-80.22,43.55,GUELPH TURFGRASS,6143089,2020-12-15 20:00,2020,12,15,20:00,-7.2,,-10,,80,,,,7,,9,,,,,,,,-12,,NA
-80.22,43.55,GUELPH TURFGRASS,6143089,2020-12-15 21:00,2020,12,15,21:00,-7.7,,-10.2,,82,,,,5,,10,,,,,,,,-13,,NA
-80.22,43.55,GUELPH TURFGRASS,6143089,2020-12-15 22:00,2020,12,15,22:00,-8.2,,-10.8,,82,,,,6,,12,,,,,,,,-14,,NA
-80.22,43.55,GUELPH TURFGRASS,6143089,2020-12-15 23:00,2020,12,15,23:00,-8.5,,-11.4,,80,,,,7,,13,,,,,,,,-14,,NA
-80.22,43.55,GUELPH TURFGRASS,6143089,2020-12-16 0:00,2020,12,16,0:00,-8.4,,-11.3,,79,,,,6,,14,,,,,,,,-15,,NA
-80.22,43.55,GUELPH TURFGRASS,6143089,2020-12-16 1:00,2020,12,16,1:00,-8.5,,-11.6,,79,,,,7,,16,,,,,,,,-15,,NA
-80.22,43.55,GUELPH TURFGRASS,6143089,2020-12-16 2:00,2020,12,16,2:00,-8.5,,-13.8,,66,,,,7,,15,,,,,,,,-15,,NA
-80.22,43.55,GUELPH TURFGRASS,6143089,2020-12-16 3:00,2020,12,16,3:00,-8.8,,-14.5,,63,,,,6,,17,,,,,,,,-16,,NA
-80.22,43.55,GUELPH TURFGRASS,6143089,2020-12-16 4:00,2020,12,16,4:00,-8.4,,-12.2,,74,,,,7,,11,,,,,,,,-14,,NA
-80.22,43.55,GUELPH TURFGRASS,6143089,2020-12-16 5:00,2020,12,16,5:00,-8.2,,-10.9,,81,,,,7,,21,,,,,,,,-16,,NA
-80.22,43.55,GUELPH TURFGRASS,6143089,2020-12-16 6:00,2020,12,16,6:00,-8,,-9.6,,88,,,,7,,20,,,,,,,,-15,,NA
-80.22,43.55,GUELPH TURFGRASS,6143089,2020-12-16 7:00,2020,12,16,7:00,-8.3,,-9.4,,92,,,,7,,22,,,,,,,,-16,,NA
-80.22,43.55,GUELPH TURFGRASS,6143089,2020-12-16 8:00,2020,12,16,8:00,-8.3,,-9.4,,91,,,,8,,17,,,,,,,,-15,,NA
-80.22,43.55,GUELPH TURFGRASS,6143089,2020-12-16 9:00,2020,12,16,9:00,-7.8,,-8.9,,92,,,,8,,16,,,,,,,,-14,,NA
-80.22,43.55,GUELPH TURFGRASS,6143089,2020-12-16 10:00,2020,12,16,10:00,-6.9,,-8,,92,,,,6,,21,,,,,,,,-14,,NA
-80.22,43.55,GUELPH TURFGRASS,6143089,2020-12-16 11:00,2020,12,16,11:00,-7.6,,-8.7,,92,,,,7,,22,,,,,,,,-15,,NA
-80.22,43.55,GUELPH TURFGRASS,6143089,2020-12-16 12:00,2020,12,16,12:00,-7.9,,-8.9,,92,,,,7,,23,,,,,,,,-16,,NA
-80.22,43.55,GUELPH TURFGRASS,6143089,2020-12-16 13:00,2020,12,16,13:00,-8.2,,-9,,94,,,,7,,24,,,,,,,,-16,,NA
-80.22,43.55,GUELPH TURFGRASS,6143089,2020-12-16 14:00,2020,12,16,14:00,-7.7,,-8.6,,93,,,,7,,25,,,,,,,,-16,,NA
-80.22,43.55,GUELPH TURFGRASS,6143089,2020-12-16 15:00,2020,12,16,15:00,-7.4,,-8.5,,92,,,,6,,23,,,,,,,,-15,,NA
-80.22,43.55,GUELPH TURFGRASS,6143089,2020-12-16 16:00,2020,12,16,16:00,-7.7,,-9,,90,,,,7,,24,,,,,,,,-16,,NA
-80.22,43.55,GUELPH TURFGRASS,6143089,2020-12-16 17:00,2020,12,16,17:00,-7.3,,-8.9,,88,,,,7,,20,,,,,,,,-14,,NA
-80.22,43.55,GUELPH TURFGRASS,6143089,2020-12-16 18:00,2020,12,16,18:00,-7.3,,-9.3,,85,,,,7,,22,,,,,,,,-15,,NA
-80.22,43.55,GUELPH TURFGRASS,6143089,2020-12-16 19:00,2020,12,16,19:00,-7.4,,-9.9,,82,,,,7,,23,,,,,,,,-15,,NA
-80.22,43.55,GUELPH TURFGRASS,6143089,2020-12-16 20:00,2020,12,16,20:00,-7.5,,-9.7,,84,,,,7,,20,,,,,,,,-15,,NA
-80.22,43.55,GUELPH TURFGRASS,6143089,2020-12-16 21:00,2020,12,16,21:00,-7.3,,-9.4,,84,,,,6,,20,,,,,,,,-14,,NA
-80.22,43.55,GUELPH TURFGRASS,6143089,2020-12-16 22:00,2020,12,16,22:00,-7,,-8.4,,90,,,,7,,22,,,,,,,,-14,,NA
-80.22,43.55,GUELPH TURFGRASS,6143089,2020-12-16 23:00,2020,12,16,23:00,-7.3,,-8.6,,90,,,,7,,21,,,,,,,,-15,,NA
-80.22,43.55,GUELPH TURFGRASS,6143089,2020-12-17 0:00,2020,12,17,0:00,-7.5,,-8.5,,92,,,,7,,20,,,,,,,,-15,,NA
-80.22,43.55,GUELPH TURFGRASS,6143089,2020-12-17 1:00,2020,12,17,1:00,-7.7,,-8.7,,92,,,,6,,18,,,,,,,,-15,,NA
-80.22,43.55,GUELPH TURFGRASS,6143089,2020-12-17 2:00,2020,12,17,2:00,-8,,-9.2,,91,,,,7,,16,,,,,,,,-15,,NA
-80.22,43.55,GUELPH TURFGRASS,6143089,2020-12-17 3:00,2020,12,17,3:00,-8.3,,-9.5,,91,,,,7,,17,,,,,,,,-15,,NA
-80.22,43.55,GUELPH TURFGRASS,6143089,2020-12-17 4:00,2020,12,17,4:00,-8.7,,-10,,90,,,,6,,14,,,,,,,,-15,,NA
-80.22,43.55,GUELPH TURFGRASS,6143089,2020-12-17 5:00,2020,12,17,5:00,-9,,-10.4,,89,,,,5,,14,,,,,,,,-15,,NA
-80.22,43.55,GUELPH TURFGRASS,6143089,2020-12-17 6:00,2020,12,17,6:00,-8.8,,-10.3,,89,,,,6,,14,,,,,,,,-15,,NA
-80.22,43.55,GUELPH TURFGRASS,6143089,2020-12-17 7:00,2020,12,17,7:00,-8.5,,-9.9,,89,,,,6,,13,,,,,,,,-14,,NA
-80.22,43.55,GUELPH TURFGRASS,6143089,2020-12-17 8:00,2020,12,17,8:00,-8.3,,-9.8,,89,,,,5,,15,,,,,,,,-15,,NA
-80.22,43.55,GUELPH TURFGRASS,6143089,2020-12-17 9:00,2020,12,17,9:00,-7.9,,-9.8,,86,,,,6,,16,,,,,,,,-14,,NA
-80.22,43.55,GUELPH TURFGRASS,6143089,2020-12-17 10:00,2020,12,17,10:00,-7.3,,-9.3,,86,,,,7,,15,,,,,,,,-13,,NA
-80.22,43.55,GUELPH TURFGRASS,6143089,2020-12-17 11:00,2020,12,17,11:00,-6.5,,-8.5,,86,,,,7,,8,,,,,,,,-10,,NA
-80.22,43.55,GUELPH TURFGRASS,6143089,2020-12-17 12:00,2020,12,17,12:00,-6.1,,-8.7,,82,,,,4,,9,,,,,,,,-10,,NA
-80.22,43.55,GUELPH TURFGRASS,6143089,2020-12-17 13:00,2020,12,17,13:00,-5.7,,-8.8,,79,,,,5,,9,,,,,,,,-10,,NA
-80.22,43.55,GUELPH TURFGRASS,6143089,2020-12-17 14:00,2020,12,17,14:00,-5.1,,-8.8,,76,,,,4,,6,,,,,,,,-8,,NA
-80.22,43.55,GUELPH TURFGRASS,6143089,2020-12-17 15:00,2020,12,17,15:00,-4.8,,-8.6,,75,,,,6,,10,,,,,,,,-9,,NA
-80.22,43.55,GUELPH TURFGRASS,6143089,2020-12-17 16:00,2020,12,17,16:00,-4.7,,-8.5,,75,,,,7,,9,,,,,,,,-9,,NA
-80.22,43.55,GUELPH TURFGRASS,6143089,2020-12-17 17:00,2020,12,17,17:00,-5.5,,-9.1,,76,,,,9,,5,,,,,,,,-8,,NA
-80.22,43.55,GUELPH TURFGRASS,6143089,2020-12-17 18:00,2020,12,17,18:00,-8.9,,-11.6,,81,,,,7,,4,,,,,,,,-11,,NA
-80.22,43.55,GUELPH TURFGRASS,6143089,2020-12-17 19:00,2020,12,17,19:00,-10.6,,-12.1,,89,,,,0,,1,,,,,,,,-11,,NA
-80.22,43.55,GUELPH TURFGRASS,6143089,2020-12-17 20:00,2020,12,17,20:00,-9.9,,-11.1,,90,,,,5,,4,,,,,,,,-12,,NA
-80.22,43.55,GUELPH TURFGRASS,6143089,2020-12-17 21:00,2020,12,17,21:00,-8.9,,-10.3,,90,,,,4,,2,,,,,,,,-10,,NA
-80.22,43.55,GUELPH TURFGRASS,6143089,2020-12-17 22:00,2020,12,17,22:00,-9.9,,-11.8,,86,,,,2,,3,,,,,,,,-12,,NA
-80.22,43.55,GUELPH TURFGRASS,6143089,2020-12-17 23:00,2020,12,17,23:00,-9.8,,-11.4,,88,,,,5,,4,,,,,,,,-12,,NA
-80.22,43.55,GUELPH TURFGRASS,6143089,2020-12-18 0:00,2020,12,18,0:00,-10.9,,-12.1,,91,,,,7,,4,,,,,,,,-13,,NA
-80.22,43.55,GUELPH TURFGRASS,6143089,2020-12-18 1:00,2020,12,18,1:00,-10.5,,-11.9,,90,,,,4,,3,,,,,,,,-12,,NA
-80.22,43.55,GUELPH TURFGRASS,6143089,2020-12-18 2:00,2020,12,18,2:00,-7.8,,-10.3,,82,,,,5,,6,,,,,,,,-11,,NA
-80.22,43.55,GUELPH TURFGRASS,6143089,2020-12-18 3:00,2020,12,18,3:00,-8,,-12,,73,,,,6,,6,,,,,,,,-11,,NA
-80.22,43.55,GUELPH TURFGRASS,6143089,2020-12-18 4:00,2020,12,18,4:00,-8.1,,-12,,74,,,,3,,5,,,,,,,,-11,,NA
-80.22,43.55,GUELPH TURFGRASS,6143089,2020-12-18 5:00,2020,12,18,5:00,-8.3,,-12.2,,73,,,,3,,3,,,,,,,,-10,,NA
-80.22,43.55,GUELPH TURFGRASS,6143089,2020-12-18 6:00,2020,12,18,6:00,-9.2,,-12.9,,74,,,,4,,5,,,,,,,,-12,,NA
-80.22,43.55,GUELPH TURFGRASS,6143089,2020-12-18 7:00,2020,12,18,7:00,-11.3,,-13.8,,82,,,,5,,4,,,,,,,,-14,,NA
-80.22,43.55,GUELPH TURFGRASS,6143089,2020-12-18 8:00,2020,12,18,8:00,-12.6,,-14.1,,88,,,,8,,3,,,,,,,,-15,,NA
-80.22,43.55,GUELPH TURFGRASS,6143089,2020-12-18 9:00,2020,12,18,9:00,-9.1,,-11.7,,81,,,,0,,1,,,,,,,,-10,,NA
-80.22,43.55,GUELPH TURFGRASS,6143089,2020-12-18 10:00,2020,12,18,10:00,-6.3,,-14.1,,54,,,,0,,1,,,,,,,,-7,,NA
-80.22,43.55,GUELPH TURFGRASS,6143089,2020-12-18 11:00,2020,12,18,11:00,-4.7,,-12.9,,53,,,,36,,1,,,,,,,,-5,,NA
-80.22,43.55,GUELPH TURFGRASS,6143089,2020-12-18 12:00,2020,12,18,12:00,-3.3,,-9.3,,63,,,,26,,9,,,,,,,,-7,,NA
-80.22,43.55,GUELPH TURFGRASS,6143089,2020-12-18 13:00,2020,12,18,13:00,-2.5,,-8.7,,63,,,,27,,8,,,,,,,,-6,,NA
-80.22,43.55,GUELPH TURFGRASS,6143089,2020-12-18 14:00,2020,12,18,14:00,-1.8,,-8.6,,60,,,,27,,6,,,,,,,,-4,,NA
-80.22,43.55,GUELPH TURFGRASS,6143089,2020-12-18 15:00,2020,12,18,15:00,-1.7,,-9.3,,56,,,,16,,7,,,,,,,,-4,,NA
-80.22,43.55,GUELPH TURFGRASS,6143089,2020-12-18 16:00,2020,12,18,16:00,-1.9,,-8.8,,59,,,,19,,6,,,,,,,,-4,,NA
-80.22,43.55,GUELPH TURFGRASS,6143089,2020-12-18 17:00,2020,12,18,17:00,-3.1,,-8.4,,67,,,,18,,6,,,,,,,,-6,,NA
-80.22,43.55,GUELPH TURFGRASS,6143089,2020-12-18 18:00,2020,12,18,18:00,-4.8,,-8.8,,73,,,,17,,4,,,,,,,,-7,,NA
-80.22,43.55,GUELPH TURFGRASS,6143089,2020-12-18 19:00,2020,12,18,19:00,-6.6,,-9.2,,82,,,,19,,4,,,,,,,,-9,,NA
-80.22,43.55,GUELPH TURFGRASS,6143089,2020-12-18 20:00,2020,12,18,20:00,-5.2,,-8.2,,79,,,,17,,6,,,,,,,,-8,,NA
-80.22,43.55,GUELPH TURFGRASS,6143089,2020-12-18 21:00,2020,12,18,21:00,-4.8,,-7.4,,82,,,,20,,5,,,,,,,,-7,,NA
-80.22,43.55,GUELPH TURFGRASS,6143089,2020-12-18 22:00,2020,12,18,22:00,-4.9,,-7.2,,84,,,,15,,1,,,,,,,,-5,,NA
-80.22,43.55,GUELPH TURFGRASS,6143089,2020-12-18 23:00,2020,12,18,23:00,-3.9,,-5.9,,86,,,,17,,5,,,,,,,,-6,,NA
-80.22,43.55,GUELPH TURFGRASS,6143089,2020-12-19 0:00,2020,12,19,0:00,-3.2,,-5.4,,85,,,,17,,6,,,,,,,,-6,,NA
-80.22,43.55,GUELPH TURFGRASS,6143089,2020-12-19 1:00,2020,12,19,1:00,-2.8,,-4.7,,86,,,,19,,6,,,,,,,,-5,,NA
-80.22,43.55,GUELPH TURFGRASS,6143089,2020-12-19 2:00,2020,12,19,2:00,-2.7,,-4.5,,87,,,,20,,6,,,,,,,,-5,,NA
-80.22,43.55,GUELPH TURFGRASS,6143089,2020-12-19 3:00,2020,12,19,3:00,-2.7,,-4.3,,88,,,,20,,4,,,,,,,,-4,,NA
-80.22,43.55,GUELPH TURFGRASS,6143089,2020-12-19 4:00,2020,12,19,4:00,-2.7,,-4.3,,89,,,,18,,5,,,,,,,,-5,,NA
-80.22,43.55,GUELPH TURFGRASS,6143089,2020-12-19 5:00,2020,12,19,5:00,-2.4,,-4.1,,88,,,,19,,7,,,,,,,,-5,,NA
-80.22,43.55,GUELPH TURFGRASS,6143089,2020-12-19 6:00,2020,12,19,6:00,-2.4,,-4,,89,,,,17,,6,,,,,,,,-5,,NA
-80.22,43.55,GUELPH TURFGRASS,6143089,2020-12-19 7:00,2020,12,19,7:00,-1.9,,-3.8,,87,,,,18,,7,,,,,,,,-5,,NA
-80.22,43.55,GUELPH TURFGRASS,6143089,2020-12-19 8:00,2020,12,19,8:00,-1.7,,-3.6,,86,,,,19,,7,,,,,,,,-4,,NA
-80.22,43.55,GUELPH TURFGRASS,6143089,2020-12-19 9:00,2020,12,19,9:00,-1.1,,-3.2,,86,,,,17,,10,,,,,,,,-5,,NA
-80.22,43.55,GUELPH TURFGRASS,6143089,2020-12-19 10:00,2020,12,19,10:00,-0.2,,-2.5,,85,,,,18,,12,,,,,,,,-4,,NA
-80.22,43.55,GUELPH TURFGRASS,6143089,2020-12-19 11:00,2020,12,19,11:00,0,,-2.1,,85,,,,17,,10,,,,,,,,-3,,NA
-80.22,43.55,GUELPH TURFGRASS,6143089,2020-12-19 12:00,2020,12,19,12:00,0.5,,-2,,83,,,,18,,12,,,,,,,,,,NA
-80.22,43.55,GUELPH TURFGRASS,6143089,2020-12-19 13:00,2020,12,19,13:00,0.7,,-2,,82,,0,,21,,9,,,,,,,,,,NA
-80.22,43.55,GUELPH TURFGRASS,6143089,2020-12-19 14:00,2020,12,19,14:00,-0.2,,-0.9,,95,,,,16,,10,,,,,,,,-4,,NA
-80.22,43.55,GUELPH TURFGRASS,6143089,2020-12-19 15:00,2020,12,19,15:00,-0.2,,-0.7,,97,,,,13,,11,,,,,,,,-4,,NA
-80.22,43.55,GUELPH TURFGRASS,6143089,2020-12-19 16:00,2020,12,19,16:00,-0.2,,-0.7,,96,,,,16,,12,,,,,,,,-4,,NA
-80.22,43.55,GUELPH TURFGRASS,6143089,2020-12-19 17:00,2020,12,19,17:00,0,,-0.6,,96,,,,16,,8,,,,,,,,-3,,NA
-80.22,43.55,GUELPH TURFGRASS,6143089,2020-12-19 18:00,2020,12,19,18:00,0.1,,-0.3,,97,,,,16,,7,,,,,,,,,,NA
-80.22,43.55,GUELPH TURFGRASS,6143089,2020-12-19 19:00,2020,12,19,19:00,0.2,,-0.2,,97,,,,17,,9,,,,,,,,,,NA
-80.22,43.55,GUELPH TURFGRASS,6143089,2020-12-19 20:00,2020,12,19,20:00,0.2,,-0.1,,98,,,,18,,8,,,,,,,,,,NA
-80.22,43.55,GUELPH TURFGRASS,6143089,2020-12-19 21:00,2020,12,19,21:00,0.3,,0,,98,,,,19,,9,,,,,,,,,,NA
-80.22,43.55,GUELPH TURFGRASS,6143089,2020-12-19 22:00,2020,12,19,22:00,0.3,,-0.1,,97,,,,19,,9,,,,,,,,,,NA
-80.22,43.55,GUELPH TURFGRASS,6143089,2020-12-19 23:00,2020,12,19,23:00,0.4,,0,,97,,,,21,,5,,,,,,,,,,NA
-80.22,43.55,GUELPH TURFGRASS,6143089,2020-12-20 0:00,2020,12,20,0:00,0.3,,0.1,,98,,,,19,,7,,,,,,,,,,NA
-80.22,43.55,GUELPH TURFGRASS,6143089,2020-12-20 1:00,2020,12,20,1:00,0.3,,0.1,,99,,,,19,,5,,,,,,,,,,NA
-80.22,43.55,GUELPH TURFGRASS,6143089,2020-12-20 2:00,2020,12,20,2:00,0.4,,0.3,,99,,,,19,,6,,,,,,,,,,NA
-80.22,43.55,GUELPH TURFGRASS,6143089,2020-12-20 3:00,2020,12,20,3:00,0.4,,0.3,,99,,,,17,,5,,,,,,,,,,NA
-80.22,43.55,GUELPH TURFGRASS,6143089,2020-12-20 4:00,2020,12,20,4:00,0.5,,0.4,,99,,0.4,,18,,5,,,,,,,,,,NA
-80.22,43.55,GUELPH TURFGRASS,6143089,2020-12-20 5:00,2020,12,20,5:00,0.6,,0.6,,100,,0.4,,18,,9,,,,,,,,,,NA
-80.22,43.55,GUELPH TURFGRASS,6143089,2020-12-20 6:00,2020,12,20,6:00,0.6,,0.6,,100,,0.4,,18,,6,,,,,,,,,,NA
-80.22,43.55,GUELPH TURFGRASS,6143089,2020-12-20 7:00,2020,12,20,7:00,0.7,,0.7,,100,,0.4,,18,,6,,,,,,,,,,NA
-80.22,43.55,GUELPH TURFGRASS,6143089,2020-12-20 8:00,2020,12,20,8:00,0.7,,0.7,,100,,0.4,,19,,5,,,,,,,,,,NA
-80.22,43.55,GUELPH TURFGRASS,6143089,2020-12-20 9:00,2020,12,20,9:00,0.9,,0.8,,100,,0.2,,18,,5,,,,,,,,,,NA
-80.22,43.55,GUELPH TURFGRASS,6143089,2020-12-20 10:00,2020,12,20,10:00,1.6,,1.5,,100,,0.6,,22,,7,,,,,,,,,,NA
-80.22,43.55,GUELPH TURFGRASS,6143089,2020-12-20 11:00,2020,12,20,11:00,1.6,,1.6,,100,,0,,23,,11,,,,,,,,,,NA
-80.22,43.55,GUELPH TURFGRASS,6143089,2020-12-20 12:00,2020,12,20,12:00,1.9,,1.6,,98,,0,,24,,9,,,,,,,,,,NA
-80.22,43.55,GUELPH TURFGRASS,6143089,2020-12-20 13:00,2020,12,20,13:00,2.3,,1.2,,92,,0,,25,,10,,,,,,,,,,NA
-80.22,43.55,GUELPH TURFGRASS,6143089,2020-12-20 14:00,2020,12,20,14:00,2.5,,0.5,,87,,0,,24,,9,,,,,,,,,,NA
-80.22,43.55,GUELPH TURFGRASS,6143089,2020-12-20 15:00,2020,12,20,15:00,2.3,,0.6,,88,,0.2,,22,,8,,,,,,,,,,NA
-80.22,43.55,GUELPH TURFGRASS,6143089,2020-12-20 16:00,2020,12,20,16:00,2.1,,0.8,,91,,0,,21,,6,,,,,,,,,,NA
-80.22,43.55,GUELPH TURFGRASS,6143089,2020-12-20 17:00,2020,12,20,17:00,2.1,,1.1,,93,,0,,19,,7,,,,,,,,,,NA
-80.22,43.55,GUELPH TURFGRASS,6143089,2020-12-20 18:00,2020,12,20,18:00,2.2,,1.4,,95,,0,,20,,11,,,,,,,,,,NA
-80.22,43.55,GUELPH TURFGRASS,6143089,2020-12-20 19:00,2020,12,20,19:00,2.3,,0.8,,90,,0,,23,,13,,,,,,,,,,NA
-80.22,43.55,GUELPH TURFGRASS,6143089,2020-12-20 20:00,2020,12,20,20:00,1.4,,-1.6,,81,,0,,24,,16,,,,,,,,,,NA
-80.22,43.55,GUELPH TURFGRASS,6143089,2020-12-20 21:00,2020,12,20,21:00,0.9,,-2.9,,76,,0,,25,,17,,,,,,,,,,NA
-80.22,43.55,GUELPH TURFGRASS,6143089,2020-12-20 22:00,2020,12,20,22:00,0.9,,-3.7,,71,,0,,24,,15,,,,,,,,,,NA
-80.22,43.55,GUELPH TURFGRASS,6143089,2020-12-20 23:00,2020,12,20,23:00,-0.4,,-3.3,,81,,,,24,,9,,,,,,,,-4,,NA
-80.22,43.55,GUELPH TURFGRASS,6143089,2020-12-21 0:00,2020,12,21,0:00,-0.9,,-3.1,,85,,,,25,,11,,,,,,,,-5,,NA
-80.22,43.55,GUELPH TURFGRASS,6143089,2020-12-21 1:00,2020,12,21,1:00,-1.8,,-3.5,,88,,,,23,,8,,,,,,,,-5,,NA
-80.22,43.55,GUELPH TURFGRASS,6143089,2020-12-21 2:00,2020,12,21,2:00,-1.8,,-3.2,,90,,,,21,,7,,,,,,,,-4,,NA
-80.22,43.55,GUELPH TURFGRASS,6143089,2020-12-21 3:00,2020,12,21,3:00,-2.1,,-3.2,,92,,,,21,,6,,,,,,,,-4,,NA
-80.22,43.55,GUELPH TURFGRASS,6143089,2020-12-21 4:00,2020,12,21,4:00,-2,,-2.8,,94,,,,19,,4,,,,,,,,-3,,NA
-80.22,43.55,GUELPH TURFGRASS,6143089,2020-12-21 5:00,2020,12,21,5:00,-1,,-2,,92,,,,21,,8,,,,,,,,-4,,NA
-80.22,43.55,GUELPH TURFGRASS,6143089,2020-12-21 6:00,2020,12,21,6:00,-0.5,,-1.6,,92,,,,20,,8,,,,,,,,-3,,NA
-80.22,43.55,GUELPH TURFGRASS,6143089,2020-12-21 7:00,2020,12,21,7:00,0,,-1.2,,91,,,,22,,6,,,,,,,,-2,,NA
-80.22,43.55,GUELPH TURFGRASS,6143089,2020-12-21 8:00,2020,12,21,8:00,0,,-1.1,,92,,,,19,,5,,,,,,,,-2,,NA
-80.22,43.55,GUELPH TURFGRASS,6143089,2020-12-21 9:00,2020,12,21,9:00,0.4,,-0.7,,92,,,,20,,5,,,,,,,,,,NA
-80.22,43.55,GUELPH TURFGRASS,6143089,2020-12-21 10:00,2020,12,21,10:00,0.7,,-0.6,,91,,0,,18,,7,,,,,,,,,,NA
-80.22,43.55,GUELPH TURFGRASS,6143089,2020-12-21 11:00,2020,12,21,11:00,1.4,,-0.3,,89,,0,,19,,7,,,,,,,,,,NA
-80.22,43.55,GUELPH TURFGRASS,6143089,2020-12-21 12:00,2020,12,21,12:00,2,,-0.4,,84,,0,,22,,8,,,,,,,,,,NA
-80.22,43.55,GUELPH TURFGRASS,6143089,2020-12-21 13:00,2020,12,21,13:00,2.5,,-0.5,,81,,0,,24,,7,,,,,,,,,,NA
-80.22,43.55,GUELPH TURFGRASS,6143089,2020-12-21 14:00,2020,12,21,14:00,2.6,,-0.5,,80,,0,,23,,7,,,,,,,,,,NA
-80.22,43.55,GUELPH TURFGRASS,6143089,2020-12-21 15:00,2020,12,21,15:00,2.5,,-0.8,,79,,0,,23,,7,,,,,,,,,,NA
-80.22,43.55,GUELPH TURFGRASS,6143089,2020-12-21 16:00,2020,12,21,16:00,2.3,,-0.7,,80,,0,,23,,6,,,,,,,,,,NA
-80.22,43.55,GUELPH TURFGRASS,6143089,2020-12-21 17:00,2020,12,21,17:00,2.1,,-0.3,,84,,0,,25,,3,,,,,,,,,,NA
-80.22,43.55,GUELPH TURFGRASS,6143089,2020-12-21 18:00,2020,12,21,18:00,1.3,,0.1,,91,,0,,23,,3,,,,,,,,,,NA
-80.22,43.55,GUELPH TURFGRASS,6143089,2020-12-21 19:00,2020,12,21,19:00,1,,0.2,,94,,0,,22,,2,,,,,,,,,,NA
-80.22,43.55,GUELPH TURFGRASS,6143089,2020-12-21 20:00,2020,12,21,20:00,0.9,,0.2,,95,,0,,25,,3,,,,,,,,,,NA
-80.22,43.55,GUELPH TURFGRASS,6143089,2020-12-21 21:00,2020,12,21,21:00,0.4,,-0.2,,96,,,,0,,1,,,,,,,,,,NA
-80.22,43.55,GUELPH TURFGRASS,6143089,2020-12-21 22:00,2020,12,21,22:00,0.4,,-0.1,,97,,,,25,,1,,,,,,,,,,NA
-80.22,43.55,GUELPH TURFGRASS,6143089,2020-12-21 23:00,2020,12,21,23:00,0.2,,-0.1,,97,,,,34,,2,,,,,,,,,,NA
-80.22,43.55,GUELPH TURFGRASS,6143089,2020-12-22 0:00,2020,12,22,0:00,0,,-0.3,,98,,,,35,,3,,,,,,,,-1,,NA
-80.22,43.55,GUELPH TURFGRASS,6143089,2020-12-22 1:00,2020,12,22,1:00,-1.9,,-2.3,,97,,,,28,,2,,,,,,,,-3,,NA
-80.22,43.55,GUELPH TURFGRASS,6143089,2020-12-22 2:00,2020,12,22,2:00,-0.9,,-1,,99,,,,34,,4,,,,,,,,-2,,NA
-80.22,43.55,GUELPH TURFGRASS,6143089,2020-12-22 3:00,2020,12,22,3:00,-0.6,,-0.8,,98,,,,32,,5,,,,,,,,-2,,NA
-80.22,43.55,GUELPH TURFGRASS,6143089,2020-12-22 4:00,2020,12,22,4:00,-1.8,,-2.3,,96,,,,28,,2,,,,,,,,-3,,NA
-80.22,43.55,GUELPH TURFGRASS,6143089,2020-12-22 5:00,2020,12,22,5:00,-1.4,,-1.8,,97,,,,29,,10,,,,,,,,-5,,NA
-80.22,43.55,GUELPH TURFGRASS,6143089,2020-12-22 6:00,2020,12,22,6:00,-1.5,,-2,,96,,,,29,,8,,,,,,,,-5,,NA
-80.22,43.55,GUELPH TURFGRASS,6143089,2020-12-22 7:00,2020,12,22,7:00,-1.6,,-2.3,,95,,,,29,,9,,,,,,,,-5,,NA
-80.22,43.55,GUELPH TURFGRASS,6143089,2020-12-22 8:00,2020,12,22,8:00,-1.7,,-2.6,,94,,,,28,,9,,,,,,,,-5,,NA
-80.22,43.55,GUELPH TURFGRASS,6143089,2020-12-22 9:00,2020,12,22,9:00,-0.6,,-1.6,,93,,,,28,,11,,,,,,,,-4,,NA
-80.22,43.55,GUELPH TURFGRASS,6143089,2020-12-22 10:00,2020,12,22,10:00,0.7,,-0.9,,89,,0,,28,,18,,,,,,,,,,NA
-80.22,43.55,GUELPH TURFGRASS,6143089,2020-12-22 11:00,2020,12,22,11:00,1.2,,-1.3,,83,,0.4,,30,,23,,,,,,,,,,NA
-80.22,43.55,GUELPH TURFGRASS,6143089,2020-12-22 12:00,2020,12,22,12:00,0.2,,-4.1,,73,,,,31,,34,,,,,,,,,,NA
-80.22,43.55,GUELPH TURFGRASS,6143089,2020-12-22 13:00,2020,12,22,13:00,0.1,,-3.1,,79,,,,30,,21,,,,,,,,,,NA
-80.22,43.55,GUELPH TURFGRASS,6143089,2020-12-22 14:00,2020,12,22,14:00,0.3,,-2.9,,79,,,,30,,24,,,,,,,,,,NA
-80.22,43.55,GUELPH TURFGRASS,6143089,2020-12-22 15:00,2020,12,22,15:00,0.1,,-3.1,,79,,,,29,,20,,,,,,,,,,NA
-80.22,43.55,GUELPH TURFGRASS,6143089,2020-12-22 16:00,2020,12,22,16:00,-0.1,,-3.7,,76,,,,29,,17,,,,,,,,-5,,NA
-80.22,43.55,GUELPH TURFGRASS,6143089,2020-12-22 17:00,2020,12,22,17:00,-0.4,,-3.8,,78,,,,29,,17,,,,,,,,-5,,NA
-80.22,43.55,GUELPH TURFGRASS,6143089,2020-12-22 18:00,2020,12,22,18:00,-0.3,,-4.2,,75,,,,29,,13,,,,,,,,-4,,NA
-80.22,43.55,GUELPH TURFGRASS,6143089,2020-12-22 19:00,2020,12,22,19:00,-0.5,,-3.9,,77,,,,28,,14,,,,,,,,-5,,NA
-80.22,43.55,GUELPH TURFGRASS,6143089,2020-12-22 20:00,2020,12,22,20:00,-0.4,,-3.4,,80,,,,27,,11,,,,,,,,-4,,NA
-80.22,43.55,GUELPH TURFGRASS,6143089,2020-12-22 21:00,2020,12,22,21:00,-0.4,,-3.2,,81,,,,27,,8,,,,,,,,-3,,NA
-80.22,43.55,GUELPH TURFGRASS,6143089,2020-12-22 22:00,2020,12,22,22:00,-0.4,,-2.9,,83,,,,27,,9,,,,,,,,-4,,NA
-80.22,43.55,GUELPH TURFGRASS,6143089,2020-12-22 23:00,2020,12,22,23:00,-0.7,,-4.6,,75,,,,24,,5,,,,,,,,-2,,NA
-80.22,43.55,GUELPH TURFGRASS,6143089,2020-12-23 0:00,2020,12,23,0:00,-0.6,,-4.2,,77,,,,25,,9,,,,,,,,-4,,NA
-80.22,43.55,GUELPH TURFGRASS,6143089,2020-12-23 1:00,2020,12,23,1:00,-0.7,,-4,,79,,,,17,,4,,,,,,,,-2,,NA
-80.22,43.55,GUELPH TURFGRASS,6143089,2020-12-23 2:00,2020,12,23,2:00,-0.9,,-3.9,,80,,,,18,,5,,,,,,,,-3,,NA
-80.22,43.55,GUELPH TURFGRASS,6143089,2020-12-23 3:00,2020,12,23,3:00,-0.8,,-3.8,,80,,,,17,,6,,,,,,,,-3,,NA
-80.22,43.55,GUELPH TURFGRASS,6143089,2020-12-23 4:00,2020,12,23,4:00,-0.9,,-3.7,,81,,,,17,,7,,,,,,,,-3,,NA
-80.22,43.55,GUELPH TURFGRASS,6143089,2020-12-23 5:00,2020,12,23,5:00,-1,,-3.6,,83,,,,15,,8,,,,,,,,-4,,NA
-80.22,43.55,GUELPH TURFGRASS,6143089,2020-12-23 6:00,2020,12,23,6:00,-0.8,,-3.2,,84,,,,14,,7,,,,,,,,-3,,NA
-80.22,43.55,GUELPH TURFGRASS,6143089,2020-12-23 7:00,2020,12,23,7:00,-0.6,,-2.8,,85,,,,13,,7,,,,,,,,-3,,NA
-80.22,43.55,GUELPH TURFGRASS,6143089,2020-12-23 8:00,2020,12,23,8:00,-0.4,,-2.3,,87,,,,12,,9,,,,,,,,-4,,NA
-80.22,43.55,GUELPH TURFGRASS,6143089,2020-12-23 9:00,2020,12,23,9:00,0.4,,-1.6,,86,,,,14,,7,,,,,,,,,,NA
-80.22,43.55,GUELPH TURFGRASS,6143089,2020-12-23 10:00,2020,12,23,10:00,1.5,,-0.9,,84,,0,,15,,11,,,,,,,,,,NA
-80.22,43.55,GUELPH TURFGRASS,6143089,2020-12-23 11:00,2020,12,23,11:00,2.2,,-0.5,,83,,0,,15,,13,,,,,,,,,,NA
-80.22,43.55,GUELPH TURFGRASS,6143089,2020-12-23 12:00,2020,12,23,12:00,2.7,,-0.4,,80,,0,,15,,10,,,,,,,,,,NA
-80.22,43.55,GUELPH TURFGRASS,6143089,2020-12-23 13:00,2020,12,23,13:00,4.3,,-0.3,,72,,0,,15,,14,,,,,,,,,,NA
-80.22,43.55,GUELPH TURFGRASS,6143089,2020-12-23 14:00,2020,12,23,14:00,5.2,,-1.8,,60,,0,,16,,15,,,,,,,,,,NA
-80.22,43.55,GUELPH TURFGRASS,6143089,2020-12-23 15:00,2020,12,23,15:00,5.9,,-2.6,,54,,0,,15,,16,,,,,,,,,,NA
-80.22,43.55,GUELPH TURFGRASS,6143089,2020-12-23 16:00,2020,12,23,16:00,5.2,,-3,,55,,0,,15,,13,,,,,,,,,,NA
-80.22,43.55,GUELPH TURFGRASS,6143089,2020-12-23 17:00,2020,12,23,17:00,5.2,,-3.1,,55,,0,,14,,13,,,,,,,,,,NA
-80.22,43.55,GUELPH TURFGRASS,6143089,2020-12-23 18:00,2020,12,23,18:00,4.9,,-2.5,,59,,0,,14,,11,,,,,,,,,,NA
-80.22,43.55,GUELPH TURFGRASS,6143089,2020-12-23 19:00,2020,12,23,19:00,5.5,,-1.6,,60,,0,,17,,14,,,,,,,,,,NA
-80.22,43.55,GUELPH TURFGRASS,6143089,2020-12-23 20:00,2020,12,23,20:00,6,,-1.7,,58,,0,,17,,14,,,,,,,,,,NA
-80.22,43.55,GUELPH TURFGRASS,6143089,2020-12-23 21:00,2020,12,23,21:00,6.2,,-0.2,,63,,0.2,,19,,17,,,,,,,,,,NA
-80.22,43.55,GUELPH TURFGRASS,6143089,2020-12-23 22:00,2020,12,23,22:00,5,,2.2,,82,,1.6,,18,,14,,,,,,,,,,NA
-80.22,43.55,GUELPH TURFGRASS,6143089,2020-12-23 23:00,2020,12,23,23:00,5,,2,,81,,0.6,,18,,17,,,,,,,,,,NA
-80.22,43.55,GUELPH TURFGRASS,6143089,2020-12-24 0:00,2020,12,24,0:00,5,,1.8,,80,,0,,18,,13,,,,,,,,,,NA
-80.22,43.55,GUELPH TURFGRASS,6143089,2020-12-24 1:00,2020,12,24,1:00,5,,2.3,,83,,0.6,,17,,14,,,,,,,,,,NA
-80.22,43.55,GUELPH TURFGRASS,6143089,2020-12-24 2:00,2020,12,24,2:00,5.3,,2.5,,82,,0,,17,,14,,,,,,,,,,NA
-80.22,43.55,GUELPH TURFGRASS,6143089,2020-12-24 3:00,2020,12,24,3:00,5.7,,2.2,,78,,0,,17,,14,,,,,,,,,,NA
-80.22,43.55,GUELPH TURFGRASS,6143089,2020-12-24 4:00,2020,12,24,4:00,5.3,,3.2,,86,,0.2,,18,,13,,,,,,,,,,NA
-80.22,43.55,GUELPH TURFGRASS,6143089,2020-12-24 5:00,2020,12,24,5:00,5.8,,3.7,,86,,0.4,,18,,17,,,,,,,,,,NA
-80.22,43.55,GUELPH TURFGRASS,6143089,2020-12-24 6:00,2020,12,24,6:00,6.2,,3.7,,84,,0,,18,,18,,,,,,,,,,NA
-80.22,43.55,GUELPH TURFGRASS,6143089,2020-12-24 7:00,2020,12,24,7:00,6.8,,4.4,,85,,0.2,,18,,21,,,,,,,,,,NA
-80.22,43.55,GUELPH TURFGRASS,6143089,2020-12-24 8:00,2020,12,24,8:00,7.6,,4.7,,82,,0,,18,,22,,,,,,,,,,NA
-80.22,43.55,GUELPH TURFGRASS,6143089,2020-12-24 9:00,2020,12,24,9:00,8.6,,5.4,,80,,0,,19,,24,,,,,,,,,,NA
-80.22,43.55,GUELPH TURFGRASS,6143089,2020-12-24 10:00,2020,12,24,10:00,8.1,,6.8,,91,,0,,19,,16,,,,,,,,,,NA
-80.22,43.55,GUELPH TURFGRASS,6143089,2020-12-24 11:00,2020,12,24,11:00,3.9,,2.7,,92,,0.6,,26,,18,,,,,,,,,,NA
-80.22,43.55,GUELPH TURFGRASS,6143089,2020-12-24 12:00,2020,12,24,12:00,2.1,,0.9,,92,,0.4,,26,,20,,,,,,,,,,NA
-80.22,43.55,GUELPH TURFGRASS,6143089,2020-12-24 13:00,2020,12,24,13:00,0.5,,0,,96,,0.2,,25,,13,,,,,,,,,,NA
-80.22,43.55,GUELPH TURFGRASS,6143089,2020-12-24 14:00,2020,12,24,14:00,-0.5,,-1.5,,93,,,,25,,15,,,,,,,,-5,,NA
-80.22,43.55,GUELPH TURFGRASS,6143089,2020-12-24 15:00,2020,12,24,15:00,-0.6,,-1.3,,95,,,,29,,10,,,,,,,,-4,,NA
-80.22,43.55,GUELPH TURFGRASS,6143089,2020-12-24 16:00,2020,12,24,16:00,-1.6,,-2.3,,95,,,,30,,10,,,,,,,,-5,,NA
-80.22,43.55,GUELPH TURFGRASS,6143089,2020-12-24 17:00,2020,12,24,17:00,-2.1,,-2.8,,95,,,,31,,11,,,,,,,,-6,,NA
-80.22,43.55,GUELPH TURFGRASS,6143089,2020-12-24 18:00,2020,12,24,18:00,-2.7,,-3.4,,95,,,,34,,7,,,,,,,,-6,,NA
-80.22,43.55,GUELPH TURFGRASS,6143089,2020-12-24 19:00,2020,12,24,19:00,-3.2,,-3.8,,96,,,,34,,8,,,,,,,,-6,,NA
-80.22,43.55,GUELPH TURFGRASS,6143089,2020-12-24 20:00,2020,12,24,20:00,-3.6,,-4.4,,95,,,,33,,11,,,,,,,,-8,,NA
-80.22,43.55,GUELPH TURFGRASS,6143089,2020-12-24 21:00,2020,12,24,21:00,-4,,-5,,93,,,,33,,11,,,,,,,,-8,,NA
-80.22,43.55,GUELPH TURFGRASS,6143089,2020-12-24 22:00,2020,12,24,22:00,-4.2,,-5,,95,,,,32,,14,,,,,,,,-9,,NA
-80.22,43.55,GUELPH TURFGRASS,6143089,2020-12-24 23:00,2020,12,24,23:00,-4.2,,-4.9,,95,,,,32,,11,,,,,,,,-9,,NA
-80.22,43.55,GUELPH TURFGRASS,6143089,2020-12-25 0:00,2020,12,25,0:00,-4.2,,-4.7,,96,,,,30,,10,,,,,,,,-8,,NA
-80.22,43.55,GUELPH TURFGRASS,6143089,2020-12-25 1:00,2020,12,25,1:00,-4.4,,-4.8,,97,,,,32,,12,,,,,,,,-9,,NA
-80.22,43.55,GUELPH TURFGRASS,6143089,2020-12-25 2:00,2020,12,25,2:00,-4.4,,-4.9,,96,,,,31,,14,,,,,,,,-10,,NA
-80.22,43.55,GUELPH TURFGRASS,6143089,2020-12-25 3:00,2020,12,25,3:00,-4.3,,-4.7,,97,,,,30,,15,,,,,,,,-10,,NA
-80.22,43.55,GUELPH TURFGRASS,6143089,2020-12-25 4:00,2020,12,25,4:00,-4.1,,-4.5,,97,,,,30,,16,,,,,,,,-10,,NA
-80.22,43.55,GUELPH TURFGRASS,6143089,2020-12-25 5:00,2020,12,25,5:00,-3.8,,-4.3,,96,,,,29,,14,,,,,,,,-9,,NA
-80.22,43.55,GUELPH TURFGRASS,6143089,2020-12-25 6:00,2020,12,25,6:00,-3.4,,-4.5,,92,,,,29,,17,,,,,,,,-9,,NA
-80.22,43.55,GUELPH TURFGRASS,6143089,2020-12-25 7:00,2020,12,25,7:00,-3.6,,-4.3,,95,,,,29,,16,,,,,,,,-9,,NA
-80.22,43.55,GUELPH TURFGRASS,6143089,2020-12-25 8:00,2020,12,25,8:00,-3.7,,-4.5,,94,,,,29,,16,,,,,,,,-9,,NA
-80.22,43.55,GUELPH TURFGRASS,6143089,2020-12-25 9:00,2020,12,25,9:00,-3.7,,-4.7,,93,,,,29,,18,,,,,,,,-10,,NA
-80.22,43.55,GUELPH TURFGRASS,6143089,2020-12-25 10:00,2020,12,25,10:00,-3.5,,-4.5,,93,,,,29,,15,,,,,,,,-9,,NA
-80.22,43.55,GUELPH TURFGRASS,6143089,2020-12-25 11:00,2020,12,25,11:00,-2.9,,-4.3,,90,,,,28,,16,,,,,,,,-8,,NA
-80.22,43.55,GUELPH TURFGRASS,6143089,2020-12-25 12:00,2020,12,25,12:00,-2.7,,-4,,91,,,,30,,17,,,,,,,,-8,,NA
-80.22,43.55,GUELPH TURFGRASS,6143089,2020-12-25 13:00,2020,12,25,13:00,-2.3,,-4.3,,86,,,,28,,17,,,,,,,,-8,,NA
-80.22,43.55,GUELPH TURFGRASS,6143089,2020-12-25 14:00,2020,12,25,14:00,-2.6,,-4.5,,87,,,,27,,14,,,,,,,,-7,,NA
-80.22,43.55,GUELPH TURFGRASS,6143089,2020-12-25 15:00,2020,12,25,15:00,-3.1,,-4.8,,88,,,,27,,18,,,,,,,,-9,,NA
-80.22,43.55,GUELPH TURFGRASS,6143089,2020-12-25 16:00,2020,12,25,16:00,-4.5,,-6.1,,89,,,,26,,23,,,,,,,,-11,,NA
-80.22,43.55,GUELPH TURFGRASS,6143089,2020-12-25 17:00,2020,12,25,17:00,-5.2,,-6.8,,89,,,,25,,20,,,,,,,,-12,,NA
-80.22,43.55,GUELPH TURFGRASS,6143089,2020-12-25 18:00,2020,12,25,18:00,-5.7,,-6.6,,94,,,,25,,17,,,,,,,,-12,,NA
-80.22,43.55,GUELPH TURFGRASS,6143089,2020-12-25 19:00,2020,12,25,19:00,-5.8,,-6.7,,93,,,,26,,20,,,,,,,,-13,,NA
-80.22,43.55,GUELPH TURFGRASS,6143089,2020-12-25 20:00,2020,12,25,20:00,-6,,-7,,93,,,,25,,17,,,,,,,,-12,,NA
-80.22,43.55,GUELPH TURFGRASS,6143089,2020-12-25 21:00,2020,12,25,21:00,-6.8,,-7.6,,94,,,,23,,18,,,,,,,,-13,,NA
-80.22,43.55,GUELPH TURFGRASS,6143089,2020-12-25 22:00,2020,12,25,22:00,-6.7,,-7.3,,96,,,,23,,15,,,,,,,,-13,,NA
-80.22,43.55,GUELPH TURFGRASS,6143089,2020-12-25 23:00,2020,12,25,23:00,-5.9,,-6.6,,95,,,,25,,14,,,,,,,,-11,,NA
-80.22,43.55,GUELPH TURFGRASS,6143089,2020-12-26 0:00,2020,12,26,0:00,-5.6,,-6.3,,94,,,,25,,15,,,,,,,,-11,,NA
-80.22,43.55,GUELPH TURFGRASS,6143089,2020-12-26 1:00,2020,12,26,1:00,-5.2,,-5.8,,96,,,,24,,14,,,,,,,,-11,,NA
-80.22,43.55,GUELPH TURFGRASS,6143089,2020-12-26 2:00,2020,12,26,2:00,-5.3,,-5.9,,96,,,,25,,19,,,,,,,,-12,,NA
-80.22,43.55,GUELPH TURFGRASS,6143089,2020-12-26 3:00,2020,12,26,3:00,-5.5,,-6.2,,94,,,,25,,19,,,,,,,,-12,,NA
-80.22,43.55,GUELPH TURFGRASS,6143089,2020-12-26 4:00,2020,12,26,4:00,-5.4,,-6.1,,95,,,,24,,17,,,,,,,,-11,,NA
-80.22,43.55,GUELPH TURFGRASS,6143089,2020-12-26 5:00,2020,12,26,5:00,-6.2,,-7.3,,92,,,,23,,19,,,,,,,,-13,,NA
-80.22,43.55,GUELPH TURFGRASS,6143089,2020-12-26 6:00,2020,12,26,6:00,-6.3,,-7.5,,91,,,,24,,19,,,,,,,,-13,,NA
-80.22,43.55,GUELPH TURFGRASS,6143089,2020-12-26 7:00,2020,12,26,7:00,-6.6,,-7.9,,91,,,,23,,17,,,,,,,,-13,,NA
-80.22,43.55,GUELPH TURFGRASS,6143089,2020-12-26 8:00,2020,12,26,8:00,-6.7,,-7.9,,91,,,,23,,13,,,,,,,,-12,,NA
-80.22,43.55,GUELPH TURFGRASS,6143089,2020-12-26 9:00,2020,12,26,9:00,-7.1,,-8.4,,91,,,,22,,16,,,,,,,,-13,,NA
-80.22,43.55,GUELPH TURFGRASS,6143089,2020-12-26 10:00,2020,12,26,10:00,-6.6,,-8.1,,89,,,,22,,15,,,,,,,,-13,,NA
-80.22,43.55,GUELPH TURFGRASS,6143089,2020-12-26 11:00,2020,12,26,11:00,-6.2,,-8,,87,,,,24,,16,,,,,,,,-12,,NA
-80.22,43.55,GUELPH TURFGRASS,6143089,2020-12-26 12:00,2020,12,26,12:00,-5.8,,-7.5,,88,,,,24,,16,,,,,,,,-12,,NA
-80.22,43.55,GUELPH TURFGRASS,6143089,2020-12-26 13:00,2020,12,26,13:00,-5.4,,-7.3,,87,,,,24,,17,,,,,,,,-11,,NA
-80.22,43.55,GUELPH TURFGRASS,6143089,2020-12-26 14:00,2020,12,26,14:00,-4.9,,-6.9,,86,,,,25,,16,,,,,,,,-11,,NA
-80.22,43.55,GUELPH TURFGRASS,6143089,2020-12-26 15:00,2020,12,26,15:00,-4.8,,-6.3,,89,,,,24,,16,,,,,,,,-11,,NA
-80.22,43.55,GUELPH TURFGRASS,6143089,2020-12-26 16:00,2020,12,26,16:00,-4.3,,-5.9,,89,,,,24,,13,,,,,,,,-9,,NA
-80.22,43.55,GUELPH TURFGRASS,6143089,2020-12-26 17:00,2020,12,26,17:00,-4.2,,-5.6,,90,,,,24,,12,,,,,,,,-9,,NA
-80.22,43.55,GUELPH TURFGRASS,6143089,2020-12-26 18:00,2020,12,26,18:00,-4.4,,-5.5,,92,,,,24,,9,,,,,,,,-8,,NA
-80.22,43.55,GUELPH TURFGRASS,6143089,2020-12-26 19:00,2020,12,26,19:00,-4.1,,-5.1,,93,,,,23,,8,,,,,,,,-8,,NA
-80.22,43.55,GUELPH TURFGRASS,6143089,2020-12-26 20:00,2020,12,26,20:00,-4.1,,-4.9,,94,,,,23,,10,,,,,,,,-8,,NA
-80.22,43.55,GUELPH TURFGRASS,6143089,2020-12-26 21:00,2020,12,26,21:00,-3.9,,-4.6,,95,,,,24,,9,,,,,,,,-8,,NA
-80.22,43.55,GUELPH TURFGRASS,6143089,2020-12-26 22:00,2020,12,26,22:00,-4.1,,-5,,94,,,,24,,12,,,,,,,,-9,,NA
-80.22,43.55,GUELPH TURFGRASS,6143089,2020-12-26 23:00,2020,12,26,23:00,-4.2,,-4.9,,95,,,,23,,11,,,,,,,,-9,,NA
-80.22,43.55,GUELPH TURFGRASS,6143089,2020-12-27 0:00,2020,12,27,0:00,-4.3,,-4.9,,96,,,,25,,10,,,,,,,,-8,,NA
-80.22,43.55,GUELPH TURFGRASS,6143089,2020-12-27 1:00,2020,12,27,1:00,-4.2,,-5.1,,93,,,,24,,12,,,,,,,,-9,,NA
-80.22,43.55,GUELPH TURFGRASS,6143089,2020-12-27 2:00,2020,12,27,2:00,-4.4,,-5.5,,92,,,,23,,9,,,,,,,,-8,,NA
-80.22,43.55,GUELPH TURFGRASS,6143089,2020-12-27 3:00,2020,12,27,3:00,-4.3,,-5.9,,89,,,,23,,11,,,,,,,,-9,,NA
-80.22,43.55,GUELPH TURFGRASS,6143089,2020-12-27 4:00,2020,12,27,4:00,-4.3,,-6,,88,,,,24,,7,,,,,,,,-7,,NA
-80.22,43.55,GUELPH TURFGRASS,6143089,2020-12-27 5:00,2020,12,27,5:00,-4.2,,-6.1,,87,,,,23,,8,,,,,,,,-8,,NA
-80.22,43.55,GUELPH TURFGRASS,6143089,2020-12-27 6:00,2020,12,27,6:00,-4.3,,-6.1,,87,,,,23,,7,,,,,,,,-7,,NA
-80.22,43.55,GUELPH TURFGRASS,6143089,2020-12-27 7:00,2020,12,27,7:00,-4.3,,-6.2,,87,,,,22,,5,,,,,,,,-6,,NA
-80.22,43.55,GUELPH TURFGRASS,6143089,2020-12-27 8:00,2020,12,27,8:00,-4.4,,-6.1,,88,,,,18,,5,,,,,,,,-7,,NA
-80.22,43.55,GUELPH TURFGRASS,6143089,2020-12-27 9:00,2020,12,27,9:00,-4.1,,-6.2,,85,,,,0,,1,,,,,,,,-5,,NA
-80.22,43.55,GUELPH TURFGRASS,6143089,2020-12-27 10:00,2020,12,27,10:00,-3.5,,-6,,83,,,,12,,4,,,,,,,,-5,,NA
-80.22,43.55,GUELPH TURFGRASS,6143089,2020-12-27 11:00,2020,12,27,11:00,-3.2,,-6.4,,79,,,,14,,10,,,,,,,,-7,,NA
-80.22,43.55,GUELPH TURFGRASS,6143089,2020-12-27 12:00,2020,12,27,12:00,-2.7,,-5.8,,79,,,,15,,8,,,,,,,,-6,,NA
-80.22,43.55,GUELPH TURFGRASS,6143089,2020-12-27 13:00,2020,12,27,13:00,-1.9,,-5.2,,79,,,,14,,9,,,,,,,,-5,,NA
-80.22,43.55,GUELPH TURFGRASS,6143089,2020-12-27 14:00,2020,12,27,14:00,-1.3,,-4.7,,78,,,,13,,10,,,,,,,,-5,,NA
-80.22,43.55,GUELPH TURFGRASS,6143089,2020-12-27 15:00,2020,12,27,15:00,-1.1,,-4.3,,79,,,,13,,9,,,,,,,,-4,,NA
-80.22,43.55,GUELPH TURFGRASS,6143089,2020-12-27 16:00,2020,12,27,16:00,-1.5,,-4,,83,,,,12,,10,,,,,,,,-5,,NA
-80.22,43.55,GUELPH TURFGRASS,6143089,2020-12-27 17:00,2020,12,27,17:00,-2,,-3.9,,87,,,,11,,12,,,,,,,,-6,,NA
-80.22,43.55,GUELPH TURFGRASS,6143089,2020-12-27 18:00,2020,12,27,18:00,-2.1,,-3.8,,88,,,,11,,12,,,,,,,,-6,,NA
-80.22,43.55,GUELPH TURFGRASS,6143089,2020-12-27 19:00,2020,12,27,19:00,-1.4,,-3.1,,88,,,,14,,10,,,,,,,,-5,,NA
-80.22,43.55,GUELPH TURFGRASS,6143089,2020-12-27 20:00,2020,12,27,20:00,-0.6,,-2.1,,90,,,,12,,13,,,,,,,,-5,,NA
-80.22,43.55,GUELPH TURFGRASS,6143089,2020-12-27 21:00,2020,12,27,21:00,0.1,,-1.3,,90,,,,13,,13,,,,,,,,,,NA
-80.22,43.55,GUELPH TURFGRASS,6143089,2020-12-27 22:00,2020,12,27,22:00,1,,-0.9,,87,,0,,16,,13,,,,,,,,,,NA
-80.22,43.55,GUELPH TURFGRASS,6143089,2020-12-27 23:00,2020,12,27,23:00,1.8,,0.2,,89,,0,,17,,14,,,,,,,,,,NA
-80.22,43.55,GUELPH TURFGRASS,6143089,2020-12-28 0:00,2020,12,28,0:00,1.9,,0.2,,89,,0,,19,,7,,,,,,,,,,NA
-80.22,43.55,GUELPH TURFGRASS,6143089,2020-12-28 1:00,2020,12,28,1:00,2.3,,1.1,,92,,0.4,,18,,11,,,,,,,,,,NA
-80.22,43.55,GUELPH TURFGRASS,6143089,2020-12-28 2:00,2020,12,28,2:00,2.7,,1.7,,93,,4.8,,19,,18,,,,,,,,,,NA
-80.22,43.55,GUELPH TURFGRASS,6143089,2020-12-28 3:00,2020,12,28,3:00,3.1,,2.3,,94,,3.4,,19,,18,,,,,,,,,,NA
-80.22,43.55,GUELPH TURFGRASS,6143089,2020-12-28 4:00,2020,12,28,4:00,3.4,,2.6,,94,,2.4,,20,,18,,,,,,,,,,NA
-80.22,43.55,GUELPH TURFGRASS,6143089,2020-12-28 5:00,2020,12,28,5:00,3.3,,2.8,,97,,0.2,,21,,12,,,,,,,,,,NA
-80.22,43.55,GUELPH TURFGRASS,6143089,2020-12-28 6:00,2020,12,28,6:00,3.6,,2.9,,95,,1.2,,23,,17,,,,,,,,,,NA
-80.22,43.55,GUELPH TURFGRASS,6143089,2020-12-28 7:00,2020,12,28,7:00,3.1,,2.1,,93,,0.6,,25,,17,,,,,,,,,,NA
-80.22,43.55,GUELPH TURFGRASS,6143089,2020-12-28 8:00,2020,12,28,8:00,1.3,,0,,91,,0,,27,,28,,,,,,,,,,NA
-80.22,43.55,GUELPH TURFGRASS,6143089,2020-12-28 9:00,2020,12,28,9:00,0.3,,-1.2,,89,,,,26,,26,,,,,,,,,,NA
-80.22,43.55,GUELPH TURFGRASS,6143089,2020-12-28 10:00,2020,12,28,10:00,0.7,,-0.9,,89,,0,,27,,21,,,,,,,,,,NA
-80.22,43.55,GUELPH TURFGRASS,6143089,2020-12-28 11:00,2020,12,28,11:00,0.9,,-2.3,,79,,0,,27,,24,,,,,,,,,,NA
-80.22,43.55,GUELPH TURFGRASS,6143089,2020-12-28 12:00,2020,12,28,12:00,0.4,,-2,,84,,,,27,,22,,,,,,,,,,NA
-80.22,43.55,GUELPH TURFGRASS,6143089,2020-12-28 13:00,2020,12,28,13:00,0.2,,-2.4,,83,,,,27,,20,,,,,,,,,,NA
-80.22,43.55,GUELPH TURFGRASS,6143089,2020-12-28 14:00,2020,12,28,14:00,-0.3,,-2.7,,84,,,,27,,19,,,,,,,,-5,,NA
-80.22,43.55,GUELPH TURFGRASS,6143089,2020-12-28 15:00,2020,12,28,15:00,-0.8,,-2.7,,87,,,,27,,21,,,,,,,,-6,,NA
-80.22,43.55,GUELPH TURFGRASS,6143089,2020-12-28 16:00,2020,12,28,16:00,-1.7,,-3.9,,85,,,,28,,19,,,,,,,,-7,,NA
-80.22,43.55,GUELPH TURFGRASS,6143089,2020-12-28 17:00,2020,12,28,17:00,-2.4,,-5,,82,,,,30,,23,,,,,,,,-9,,NA
-80.22,43.55,GUELPH TURFGRASS,6143089,2020-12-28 18:00,2020,12,28,18:00,-2.3,,-5.9,,76,,,,27,,11,,,,,,,,-6,,NA
-80.22,43.55,GUELPH TURFGRASS,6143089,2020-12-28 19:00,2020,12,28,19:00,-2.8,,-6.1,,78,,,,26,,11,,,,,,,,-7,,NA
-80.22,43.55,GUELPH TURFGRASS,6143089,2020-12-28 20:00,2020,12,28,20:00,-3,,-7,,74,,,,29,,12,,,,,,,,-7,,NA
-80.22,43.55,GUELPH TURFGRASS,6143089,2020-12-28 21:00,2020,12,28,21:00,-3,,-7,,74,,,,26,,12,,,,,,,,-7,,NA
-80.22,43.55,GUELPH TURFGRASS,6143089,2020-12-28 22:00,2020,12,28,22:00,-3.2,,-6.9,,75,,,,28,,17,,,,,,,,-9,,NA
-80.22,43.55,GUELPH TURFGRASS,6143089,2020-12-28 23:00,2020,12,28,23:00,-3.3,,-9,,65,,,,27,,17,,,,,,,,-9,,NA
-80.22,43.55,GUELPH TURFGRASS,6143089,2020-12-29 0:00,2020,12,29,0:00,-3.9,,-7.8,,74,,,,27,,18,,,,,,,,-10,,NA
-80.22,43.55,GUELPH TURFGRASS,6143089,2020-12-29 1:00,2020,12,29,1:00,-3.8,,-8.7,,68,,,,27,,15,,,,,,,,-9,,NA
-80.22,43.55,GUELPH TURFGRASS,6143089,2020-12-29 2:00,2020,12,29,2:00,-4.3,,-7.2,,80,,,,27,,15,,,,,,,,-10,,NA
-80.22,43.55,GUELPH TURFGRASS,6143089,2020-12-29 3:00,2020,12,29,3:00,-4.9,,-7.6,,82,,,,27,,19,,,,,,,,-11,,NA
-80.22,43.55,GUELPH TURFGRASS,6143089,2020-12-29 4:00,2020,12,29,4:00,-5,,-7,,86,,,,29,,12,,,,,,,,-10,,NA
-80.22,43.55,GUELPH TURFGRASS,6143089,2020-12-29 5:00,2020,12,29,5:00,-5.1,,-6.4,,90,,,,28,,12,,,,,,,,-10,,NA
-80.22,43.55,GUELPH TURFGRASS,6143089,2020-12-29 6:00,2020,12,29,6:00,-5.7,,-7.6,,86,,,,29,,12,,,,,,,,-11,,NA
-80.22,43.55,GUELPH TURFGRASS,6143089,2020-12-29 7:00,2020,12,29,7:00,-6,,-9.3,,77,,,,31,,17,,,,,,,,-12,,NA
-80.22,43.55,GUELPH TURFGRASS,6143089,2020-12-29 8:00,2020,12,29,8:00,-5.4,,-10.1,,69,,,,29,,17,,,,,,,,-11,,NA
-80.22,43.55,GUELPH TURFGRASS,6143089,2020-12-29 9:00,2020,12,29,9:00,-5.4,,-10.8,,66,,,,28,,15,,,,,,,,-11,,NA
-80.22,43.55,GUELPH TURFGRASS,6143089,2020-12-29 10:00,2020,12,29,10:00,-4.9,,-11.2,,61,,,,27,,15,,,,,,,,-10,,NA
-80.22,43.55,GUELPH TURFGRASS,6143089,2020-12-29 11:00,2020,12,29,11:00,-4.3,,-10.7,,61,,,,28,,16,,,,,,,,-10,,NA
-80.22,43.55,GUELPH TURFGRASS,6143089,2020-12-29 12:00,2020,12,29,12:00,-4.1,,-10.5,,61,,,,29,,15,,,,,,,,-9,,NA
-80.22,43.55,GUELPH TURFGRASS,6143089,2020-12-29 13:00,2020,12,29,13:00,-3.8,,-10.3,,61,,,,28,,12,,,,,,,,-8,,NA
-80.22,43.55,GUELPH TURFGRASS,6143089,2020-12-29 14:00,2020,12,29,14:00,-3.7,,-10.5,,59,,,,27,,12,,,,,,,,-8,,NA
-80.22,43.55,GUELPH TURFGRASS,6143089,2020-12-29 15:00,2020,12,29,15:00,-3.9,,-10.8,,59,,,,26,,10,,,,,,,,-8,,NA
-80.22,43.55,GUELPH TURFGRASS,6143089,2020-12-29 16:00,2020,12,29,16:00,-4.5,,-10.8,,61,,,,26,,10,,,,,,,,-9,,NA
-80.22,43.55,GUELPH TURFGRASS,6143089,2020-12-29 17:00,2020,12,29,17:00,-5.8,,-11.1,,66,,,,24,,3,,,,,,,,-7,,NA
-80.22,43.55,GUELPH TURFGRASS,6143089,2020-12-29 18:00,2020,12,29,18:00,-9.9,,-12.1,,84,,,,20,,2,,,,,,,,-11,,NA
-80.22,43.55,GUELPH TURFGRASS,6143089,2020-12-29 19:00,2020,12,29,19:00,-10.7,,-12.4,,87,,,,,,0,,,,,,,,,,NA
-80.22,43.55,GUELPH TURFGRASS,6143089,2020-12-29 20:00,2020,12,29,20:00,-9.5,,-10.9,,90,,,,,,0,,,,,,,,,,NA
-80.22,43.55,GUELPH TURFGRASS,6143089,2020-12-29 21:00,2020,12,29,21:00,-10.1,,-11.1,,92,,,,,,0,,,,,,,,,,NA
-80.22,43.55,GUELPH TURFGRASS,6143089,2020-12-29 22:00,2020,12,29,22:00,-9.6,,-10.6,,93,,,,15,,3,,,,,,,,-11,,NA
-80.22,43.55,GUELPH TURFGRASS,6143089,2020-12-29 23:00,2020,12,29,23:00,-8.7,,-9.9,,92,,,,13,,2,,,,,,,,-10,,NA
-80.22,43.55,GUELPH TURFGRASS,6143089,2020-12-30 0:00,2020,12,30,0:00,-7.5,,-9.9,,83,,,,14,,4,,,,,,,,-10,,NA
-80.22,43.55,GUELPH TURFGRASS,6143089,2020-12-30 1:00,2020,12,30,1:00,-6.7,,-9.5,,81,,,,12,,2,,,,,,,,-8,,NA
-80.22,43.55,GUELPH TURFGRASS,6143089,2020-12-30 2:00,2020,12,30,2:00,-5.5,,-9.1,,76,,,,12,,8,,,,,,,,-9,,NA
-80.22,43.55,GUELPH TURFGRASS,6143089,2020-12-30 3:00,2020,12,30,3:00,-4.9,,-8.2,,77,,,,12,,7,,,,,,,,-8,,NA
-80.22,43.55,GUELPH TURFGRASS,6143089,2020-12-30 4:00,2020,12,30,4:00,-4.7,,-5.8,,92,,,,13,,8,,,,,,,,-8,,NA
-80.22,43.55,GUELPH TURFGRASS,6143089,2020-12-30 5:00,2020,12,30,5:00,-4.6,,-5.2,,96,,,,13,,8,,,,,,,,-8,,NA
-80.22,43.55,GUELPH TURFGRASS,6143089,2020-12-30 6:00,2020,12,30,6:00,-3.9,,-4.5,,96,,,,13,,9,,,,,,,,-8,,NA
-80.22,43.55,GUELPH TURFGRASS,6143089,2020-12-30 7:00,2020,12,30,7:00,-3.6,,-4,,97,,,,14,,11,,,,,,,,-8,,NA
-80.22,43.55,GUELPH TURFGRASS,6143089,2020-12-30 8:00,2020,12,30,8:00,-3.4,,-4.1,,95,,,,13,,9,,,,,,,,-7,,NA
-80.22,43.55,GUELPH TURFGRASS,6143089,2020-12-30 9:00,2020,12,30,9:00,-2.8,,-3.8,,92,,,,13,,15,,,,,,,,-8,,NA
-80.22,43.55,GUELPH TURFGRASS,6143089,2020-12-30 10:00,2020,12,30,10:00,-1.4,,-3,,89,,,,14,,11,,,,,,,,-5,,NA
-80.22,43.55,GUELPH TURFGRASS,6143089,2020-12-30 11:00,2020,12,30,11:00,-0.5,,-2.5,,86,,,,17,,10,,,,,,,,-4,,NA
-80.22,43.55,GUELPH TURFGRASS,6143089,2020-12-30 12:00,2020,12,30,12:00,1.3,,0.2,,93,,0,,20,,15,,,,,,,,,,NA
-80.22,43.55,GUELPH TURFGRASS,6143089,2020-12-30 13:00,2020,12,30,13:00,2,,1.1,,94,,0.6,,21,,17,,,,,,,,,,NA
-80.22,43.55,GUELPH TURFGRASS,6143089,2020-12-30 14:00,2020,12,30,14:00,2.6,,1.9,,95,,4.8,,22,,13,,,,,,,,,,NA
-80.22,43.55,GUELPH TURFGRASS,6143089,2020-12-30 15:00,2020,12,30,15:00,3.4,,2.4,,94,,0.6,,22,,15,,,,,,,,,,NA
-80.22,43.55,GUELPH TURFGRASS,6143089,2020-12-30 16:00,2020,12,30,16:00,3.2,,2.6,,96,,0.6,,23,,14,,,,,,,,,,NA
-80.22,43.55,GUELPH TURFGRASS,6143089,2020-12-30 17:00,2020,12,30,17:00,3.4,,2.9,,97,,1.4,,23,,14,,,,,,,,,,NA
-80.22,43.55,GUELPH TURFGRASS,6143089,2020-12-30 18:00,2020,12,30,18:00,3.5,,2.8,,95,,0.4,,23,,16,,,,,,,,,,NA
-80.22,43.55,GUELPH TURFGRASS,6143089,2020-12-30 19:00,2020,12,30,19:00,3.4,,2.3,,92,,0.2,,24,,16,,,,,,,,,,NA
-80.22,43.55,GUELPH TURFGRASS,6143089,2020-12-30 20:00,2020,12,30,20:00,3.1,,1.6,,90,,0,,26,,19,,,,,,,,,,NA
-80.22,43.55,GUELPH TURFGRASS,6143089,2020-12-30 21:00,2020,12,30,21:00,1.8,,-0.4,,85,,0,,27,,22,,,,,,,,,,NA
-80.22,43.55,GUELPH TURFGRASS,6143089,2020-12-30 22:00,2020,12,30,22:00,1.5,,-1.8,,79,,0.2,,27,,20,,,,,,,,,,NA
-80.22,43.55,GUELPH TURFGRASS,6143089,2020-12-30 23:00,2020,12,30,23:00,1,,-2.6,,76,,0,,28,,19,,,,,,,,,,NA
-80.22,43.55,GUELPH TURFGRASS,6143089,2020-12-31 0:00,2020,12,31,0:00,0.2,,-3.7,,75,,,,29,,25,,,,,,,,,,NA
-80.22,43.55,GUELPH TURFGRASS,6143089,2020-12-31 1:00,2020,12,31,1:00,-0.8,,-4.6,,76,,,,30,,25,,,,,,,,-7,,NA
-80.22,43.55,GUELPH TURFGRASS,6143089,2020-12-31 2:00,2020,12,31,2:00,-1.2,,-5.3,,73,,,,29,,29,,,,,,,,-8,,NA
-80.22,43.55,GUELPH TURFGRASS,6143089,2020-12-31 3:00,2020,12,31,3:00,-1.5,,-6.1,,71,,,,29,,24,,,,,,,,-8,,NA
-80.22,43.55,GUELPH TURFGRASS,6143089,2020-12-31 4:00,2020,12,31,4:00,-1.8,,-6.5,,70,,,,28,,17,,,,,,,,-7,,NA
-80.22,43.55,GUELPH TURFGRASS,6143089,2020-12-31 5:00,2020,12,31,5:00,-2,,-7.2,,68,,,,28,,17,,,,,,,,-7,,NA
-80.22,43.55,GUELPH TURFGRASS,6143089,2020-12-31 6:00,2020,12,31,6:00,-2.1,,-6.6,,71,,,,28,,16,,,,,,,,-7,,NA
-80.22,43.55,GUELPH TURFGRASS,6143089,2020-12-31 7:00,2020,12,31,7:00,-2.1,,-6.3,,73,,,,27,,13,,,,,,,,-7,,NA
-80.22,43.55,GUELPH TURFGRASS,6143089,2020-12-31 8:00,2020,12,31,8:00,-2.1,,-5.9,,75,,,,27,,12,,,,,,,,-6,,NA
-80.22,43.55,GUELPH TURFGRASS,6143089,2020-12-31 9:00,2020,12,31,9:00,-1.9,,-5.7,,76,,,,26,,12,,,,,,,,-6,,NA
-80.22,43.55,GUELPH TURFGRASS,6143089,2020-12-31 10:00,2020,12,31,10:00,-1.4,,-5,,76,,,,26,,11,,,,,,,,-5,,NA
-80.22,43.55,GUELPH TURFGRASS,6143089,2020-12-31 11:00,2020,12,31,11:00,-1.3,,-4.7,,78,,,,27,,14,,,,,,,,-6,,NA
-80.22,43.55,GUELPH TURFGRASS,6143089,2020-12-31 12:00,2020,12,31,12:00,-1.2,,-4.3,,79,,,,26,,17,,,,,,,,-6,,NA
-80.22,43.55,GUELPH TURFGRASS,6143089,2020-12-31 13:00,2020,12,31,13:00,-0.7,,-4,,79,,,,27,,15,,,,,,,,-5,,NA
-80.22,43.55,GUELPH TURFGRASS,6143089,2020-12-31 14:00,2020,12,31,14:00,-0.7,,-4,,78,,,,27,,17,,,,,,,,-6,,NA
-80.22,43.55,GUELPH TURFGRASS,6143089,2020-12-31 15:00,2020,12,31,15:00,-0.8,,-4.2,,77,,,,27,,12,,,,,,,,-5,,NA
-80.22,43.55,GUELPH TURFGRASS,6143089,2020-12-31 16:00,2020,12,31,16:00,-0.9,,-4.6,,76,,,,28,,13,,,,,,,,-5,,NA
-80.22,43.55,GUELPH TURFGRASS,6143089,2020-12-31 17:00,2020,12,31,17:00,-1,,-4.3,,79,,,,27,,11,,,,,,,,-5,,NA
-80.22,43.55,GUELPH TURFGRASS,6143089,2020-12-31 18:00,2020,12,31,18:00,-1.2,,-4,,81,,,,29,,7,,,,,,,,-4,,NA
-80.22,43.55,GUELPH TURFGRASS,6143089,2020-12-31 19:00,2020,12,31,19:00,-1.1,,-3.9,,81,,,,25,,7,,,,,,,,-4,,NA
-80.22,43.55,GUELPH TURFGRASS,6143089,2020-12-31 20:00,2020,12,31,20:00,-1.2,,-4.2,,80,,,,25,,4,,,,,,,,-3,,NA
-80.22,43.55,GUELPH TURFGRASS,6143089,2020-12-31 21:00,2020,12,31,21:00,-1.1,,-5,,75,,,,25,,6,,,,,,,,-3,,NA
-80.22,43.55,GUELPH TURFGRASS,6143089,2020-12-31 22:00,2020,12,31,22:00,-3.6,,-6.9,,78,,,,30,,3,,,,,,,,-5,,NA
-80.22,43.55,GUELPH TURFGRASS,6143089,2020-12-31 23:00,2020,12,31,23:00,-6.7,,-7.8,,92,,,,16,,2,,,,,,,,-8,,NA
